<?xml version="1.0" encoding="utf-8" ?>
<kml xmlns="http://www.opengis.net/kml/2.2">
<Document id="root_doc">
<Schema name="渔区网格" id="渔区网格">
	<SimpleField name="BM_Name" type="string"></SimpleField>
</Schema>
<Folder><name></name>
  <Placemark>
	<name></name>
	<Style><LineStyle><color>66ffa000</color><width>1</width></LineStyle><PolyStyle><fill>0</fill></PolyStyle></Style>
	<ExtendedData><SchemaData schemaUrl="#渔区网格">
		<SimpleData name="BM_Name"></SimpleData>
	</SchemaData></ExtendedData>
      <Polygon><outerBoundaryIs><LinearRing><coordinates>116.5,23.5 117.0,23.5 117,23 116.5,23.0 116.5,23.5</coordinates></LinearRing></outerBoundaryIs></Polygon>
  </Placemark>
  <Placemark>
	<name></name>
	<Style><LineStyle><color>66ffa000</color><width>1</width></LineStyle><PolyStyle><fill>0</fill></PolyStyle></Style>
	<ExtendedData><SchemaData schemaUrl="#渔区网格">
		<SimpleData name="BM_Name"></SimpleData>
	</SchemaData></ExtendedData>
      <Polygon><outerBoundaryIs><LinearRing><coordinates>116.5,23.0 117,23 117.0,22.5 116.5,22.5 116.5,23.0</coordinates></LinearRing></outerBoundaryIs></Polygon>
  </Placemark>
  <Placemark>
	<name></name>
	<Style><LineStyle><color>66ffa000</color><width>1</width></LineStyle><PolyStyle><fill>0</fill></PolyStyle></Style>
	<ExtendedData><SchemaData schemaUrl="#渔区网格">
		<SimpleData name="BM_Name"></SimpleData>
	</SchemaData></ExtendedData>
      <Polygon><outerBoundaryIs><LinearRing><coordinates>116.5,22.5 117.0,22.5 117,22 116.5,22.0 116.5,22.5</coordinates></LinearRing></outerBoundaryIs></Polygon>
  </Placemark>
  <Placemark>
	<name></name>
	<Style><LineStyle><color>66ffa000</color><width>1</width></LineStyle><PolyStyle><fill>0</fill></PolyStyle></Style>
	<ExtendedData><SchemaData schemaUrl="#渔区网格">
		<SimpleData name="BM_Name"></SimpleData>
	</SchemaData></ExtendedData>
      <Polygon><outerBoundaryIs><LinearRing><coordinates>116.5,22.0 117,22 117.0,21.5 116.5,21.5 116.5,22.0</coordinates></LinearRing></outerBoundaryIs></Polygon>
  </Placemark>
  <Placemark>
	<name></name>
	<Style><LineStyle><color>66ffa000</color><width>1</width></LineStyle><PolyStyle><fill>0</fill></PolyStyle></Style>
	<ExtendedData><SchemaData schemaUrl="#渔区网格">
		<SimpleData name="BM_Name"></SimpleData>
	</SchemaData></ExtendedData>
      <Polygon><outerBoundaryIs><LinearRing><coordinates>116.5,21.5 117.0,21.5 117,21 116.5,21.0 116.5,21.5</coordinates></LinearRing></outerBoundaryIs></Polygon>
  </Placemark>
  <Placemark>
	<name></name>
	<Style><LineStyle><color>66ffa000</color><width>1</width></LineStyle><PolyStyle><fill>0</fill></PolyStyle></Style>
	<ExtendedData><SchemaData schemaUrl="#渔区网格">
		<SimpleData name="BM_Name"></SimpleData>
	</SchemaData></ExtendedData>
      <Polygon><outerBoundaryIs><LinearRing><coordinates>117,24 117.5,24.0 117.5,23.5 117.0,23.5 117,24</coordinates></LinearRing></outerBoundaryIs></Polygon>
  </Placemark>
  <Placemark>
	<name></name>
	<Style><LineStyle><color>66ffa000</color><width>1</width></LineStyle><PolyStyle><fill>0</fill></PolyStyle></Style>
	<ExtendedData><SchemaData schemaUrl="#渔区网格">
		<SimpleData name="BM_Name"></SimpleData>
	</SchemaData></ExtendedData>
      <Polygon><outerBoundaryIs><LinearRing><coordinates>117.0,23.5 117.5,23.5 117.5,23.0 117,23 117.0,23.5</coordinates></LinearRing></outerBoundaryIs></Polygon>
  </Placemark>
  <Placemark>
	<name></name>
	<Style><LineStyle><color>66ffa000</color><width>1</width></LineStyle><PolyStyle><fill>0</fill></PolyStyle></Style>
	<ExtendedData><SchemaData schemaUrl="#渔区网格">
		<SimpleData name="BM_Name"></SimpleData>
	</SchemaData></ExtendedData>
      <Polygon><outerBoundaryIs><LinearRing><coordinates>117,23 117.5,23.0 117.5,22.5 117.0,22.5 117,23</coordinates></LinearRing></outerBoundaryIs></Polygon>
  </Placemark>
  <Placemark>
	<name></name>
	<Style><LineStyle><color>66ffa000</color><width>1</width></LineStyle><PolyStyle><fill>0</fill></PolyStyle></Style>
	<ExtendedData><SchemaData schemaUrl="#渔区网格">
		<SimpleData name="BM_Name"></SimpleData>
	</SchemaData></ExtendedData>
      <Polygon><outerBoundaryIs><LinearRing><coordinates>117.0,22.5 117.5,22.5 117.5,22.0 117,22 117.0,22.5</coordinates></LinearRing></outerBoundaryIs></Polygon>
  </Placemark>
  <Placemark>
	<name></name>
	<Style><LineStyle><color>66ffa000</color><width>1</width></LineStyle><PolyStyle><fill>0</fill></PolyStyle></Style>
	<ExtendedData><SchemaData schemaUrl="#渔区网格">
		<SimpleData name="BM_Name"></SimpleData>
	</SchemaData></ExtendedData>
      <Polygon><outerBoundaryIs><LinearRing><coordinates>117,22 117.5,22.0 117.5,21.5 117.0,21.5 117,22</coordinates></LinearRing></outerBoundaryIs></Polygon>
  </Placemark>
  <Placemark>
	<name></name>
	<Style><LineStyle><color>66ffa000</color><width>1</width></LineStyle><PolyStyle><fill>0</fill></PolyStyle></Style>
	<ExtendedData><SchemaData schemaUrl="#渔区网格">
		<SimpleData name="BM_Name"></SimpleData>
	</SchemaData></ExtendedData>
      <Polygon><outerBoundaryIs><LinearRing><coordinates>117.0,21.5 117.5,21.5 117.5,21.0 117,21 117.0,21.5</coordinates></LinearRing></outerBoundaryIs></Polygon>
  </Placemark>
  <Placemark>
	<name></name>
	<Style><LineStyle><color>66ffa000</color><width>1</width></LineStyle><PolyStyle><fill>0</fill></PolyStyle></Style>
	<ExtendedData><SchemaData schemaUrl="#渔区网格">
		<SimpleData name="BM_Name"></SimpleData>
	</SchemaData></ExtendedData>
      <Polygon><outerBoundaryIs><LinearRing><coordinates>117.5,39.5 118.0,39.5 118,39 117.5,39.0 117.5,39.5</coordinates></LinearRing></outerBoundaryIs></Polygon>
  </Placemark>
  <Placemark>
	<name></name>
	<Style><LineStyle><color>66ffa000</color><width>1</width></LineStyle><PolyStyle><fill>0</fill></PolyStyle></Style>
	<ExtendedData><SchemaData schemaUrl="#渔区网格">
		<SimpleData name="BM_Name"></SimpleData>
	</SchemaData></ExtendedData>
      <Polygon><outerBoundaryIs><LinearRing><coordinates>117.5,39.0 118,39 118.0,38.5 117.5,38.5 117.5,39.0</coordinates></LinearRing></outerBoundaryIs></Polygon>
  </Placemark>
  <Placemark>
	<name></name>
	<Style><LineStyle><color>66ffa000</color><width>1</width></LineStyle><PolyStyle><fill>0</fill></PolyStyle></Style>
	<ExtendedData><SchemaData schemaUrl="#渔区网格">
		<SimpleData name="BM_Name"></SimpleData>
	</SchemaData></ExtendedData>
      <Polygon><outerBoundaryIs><LinearRing><coordinates>117.5,38.5 118.0,38.5 118,38 117.5,38.0 117.5,38.5</coordinates></LinearRing></outerBoundaryIs></Polygon>
  </Placemark>
  <Placemark>
	<name></name>
	<Style><LineStyle><color>66ffa000</color><width>1</width></LineStyle><PolyStyle><fill>0</fill></PolyStyle></Style>
	<ExtendedData><SchemaData schemaUrl="#渔区网格">
		<SimpleData name="BM_Name"></SimpleData>
	</SchemaData></ExtendedData>
      <Polygon><outerBoundaryIs><LinearRing><coordinates>117.5,24.5 118.0,24.5 118,24 117.5,24.0 117.5,24.5</coordinates></LinearRing></outerBoundaryIs></Polygon>
  </Placemark>
  <Placemark>
	<name></name>
	<Style><LineStyle><color>66ffa000</color><width>1</width></LineStyle><PolyStyle><fill>0</fill></PolyStyle></Style>
	<ExtendedData><SchemaData schemaUrl="#渔区网格">
		<SimpleData name="BM_Name"></SimpleData>
	</SchemaData></ExtendedData>
      <Polygon><outerBoundaryIs><LinearRing><coordinates>117.5,24.0 118,24 118.0,23.5 117.5,23.5 117.5,24.0</coordinates></LinearRing></outerBoundaryIs></Polygon>
  </Placemark>
  <Placemark>
	<name></name>
	<Style><LineStyle><color>66ffa000</color><width>1</width></LineStyle><PolyStyle><fill>0</fill></PolyStyle></Style>
	<ExtendedData><SchemaData schemaUrl="#渔区网格">
		<SimpleData name="BM_Name"></SimpleData>
	</SchemaData></ExtendedData>
      <Polygon><outerBoundaryIs><LinearRing><coordinates>117.5,23.5 118.0,23.5 118,23 117.5,23.0 117.5,23.5</coordinates></LinearRing></outerBoundaryIs></Polygon>
  </Placemark>
  <Placemark>
	<name></name>
	<Style><LineStyle><color>66ffa000</color><width>1</width></LineStyle><PolyStyle><fill>0</fill></PolyStyle></Style>
	<ExtendedData><SchemaData schemaUrl="#渔区网格">
		<SimpleData name="BM_Name"></SimpleData>
	</SchemaData></ExtendedData>
      <Polygon><outerBoundaryIs><LinearRing><coordinates>117.5,23.0 118,23 118.0,22.5 117.5,22.5 117.5,23.0</coordinates></LinearRing></outerBoundaryIs></Polygon>
  </Placemark>
  <Placemark>
	<name></name>
	<Style><LineStyle><color>66ffa000</color><width>1</width></LineStyle><PolyStyle><fill>0</fill></PolyStyle></Style>
	<ExtendedData><SchemaData schemaUrl="#渔区网格">
		<SimpleData name="BM_Name"></SimpleData>
	</SchemaData></ExtendedData>
      <Polygon><outerBoundaryIs><LinearRing><coordinates>117.5,22.5 118.0,22.5 118,22 117.5,22.0 117.5,22.5</coordinates></LinearRing></outerBoundaryIs></Polygon>
  </Placemark>
  <Placemark>
	<name></name>
	<Style><LineStyle><color>66ffa000</color><width>1</width></LineStyle><PolyStyle><fill>0</fill></PolyStyle></Style>
	<ExtendedData><SchemaData schemaUrl="#渔区网格">
		<SimpleData name="BM_Name"></SimpleData>
	</SchemaData></ExtendedData>
      <Polygon><outerBoundaryIs><LinearRing><coordinates>117.5,22.0 118,22 118.0,21.5 117.5,21.5 117.5,22.0</coordinates></LinearRing></outerBoundaryIs></Polygon>
  </Placemark>
  <Placemark>
	<name></name>
	<Style><LineStyle><color>66ffa000</color><width>1</width></LineStyle><PolyStyle><fill>0</fill></PolyStyle></Style>
	<ExtendedData><SchemaData schemaUrl="#渔区网格">
		<SimpleData name="BM_Name"></SimpleData>
	</SchemaData></ExtendedData>
      <Polygon><outerBoundaryIs><LinearRing><coordinates>117.5,21.5 118.0,21.5 118,21 117.5,21.0 117.5,21.5</coordinates></LinearRing></outerBoundaryIs></Polygon>
  </Placemark>
  <Placemark>
	<name></name>
	<Style><LineStyle><color>66ffa000</color><width>1</width></LineStyle><PolyStyle><fill>0</fill></PolyStyle></Style>
	<ExtendedData><SchemaData schemaUrl="#渔区网格">
		<SimpleData name="BM_Name"></SimpleData>
	</SchemaData></ExtendedData>
      <Polygon><outerBoundaryIs><LinearRing><coordinates>118.0,39.5 118.5,39.5 118.5,39.0 118,39 118.0,39.5</coordinates></LinearRing></outerBoundaryIs></Polygon>
  </Placemark>
  <Placemark>
	<name></name>
	<Style><LineStyle><color>66ffa000</color><width>1</width></LineStyle><PolyStyle><fill>0</fill></PolyStyle></Style>
	<ExtendedData><SchemaData schemaUrl="#渔区网格">
		<SimpleData name="BM_Name"></SimpleData>
	</SchemaData></ExtendedData>
      <Polygon><outerBoundaryIs><LinearRing><coordinates>118,39 118.5,39.0 118.5,38.5 118.0,38.5 118,39</coordinates></LinearRing></outerBoundaryIs></Polygon>
  </Placemark>
  <Placemark>
	<name></name>
	<Style><LineStyle><color>66ffa000</color><width>1</width></LineStyle><PolyStyle><fill>0</fill></PolyStyle></Style>
	<ExtendedData><SchemaData schemaUrl="#渔区网格">
		<SimpleData name="BM_Name"></SimpleData>
	</SchemaData></ExtendedData>
      <Polygon><outerBoundaryIs><LinearRing><coordinates>118.0,38.5 118.5,38.5 118.5,38.0 118,38 118.0,38.5</coordinates></LinearRing></outerBoundaryIs></Polygon>
  </Placemark>
  <Placemark>
	<name></name>
	<Style><LineStyle><color>66ffa000</color><width>1</width></LineStyle><PolyStyle><fill>0</fill></PolyStyle></Style>
	<ExtendedData><SchemaData schemaUrl="#渔区网格">
		<SimpleData name="BM_Name"></SimpleData>
	</SchemaData></ExtendedData>
      <Polygon><outerBoundaryIs><LinearRing><coordinates>118.0,24.5 118.5,24.5 118.5,24.0 118,24 118.0,24.5</coordinates></LinearRing></outerBoundaryIs></Polygon>
  </Placemark>
  <Placemark>
	<name></name>
	<Style><LineStyle><color>66ffa000</color><width>1</width></LineStyle><PolyStyle><fill>0</fill></PolyStyle></Style>
	<ExtendedData><SchemaData schemaUrl="#渔区网格">
		<SimpleData name="BM_Name"></SimpleData>
	</SchemaData></ExtendedData>
      <Polygon><outerBoundaryIs><LinearRing><coordinates>118,24 118.5,24.0 118.5,23.5 118.0,23.5 118,24</coordinates></LinearRing></outerBoundaryIs></Polygon>
  </Placemark>
  <Placemark>
	<name></name>
	<Style><LineStyle><color>66ffa000</color><width>1</width></LineStyle><PolyStyle><fill>0</fill></PolyStyle></Style>
	<ExtendedData><SchemaData schemaUrl="#渔区网格">
		<SimpleData name="BM_Name"></SimpleData>
	</SchemaData></ExtendedData>
      <Polygon><outerBoundaryIs><LinearRing><coordinates>118.0,23.5 118.5,23.5 118.5,23.0 118,23 118.0,23.5</coordinates></LinearRing></outerBoundaryIs></Polygon>
  </Placemark>
  <Placemark>
	<name></name>
	<Style><LineStyle><color>66ffa000</color><width>1</width></LineStyle><PolyStyle><fill>0</fill></PolyStyle></Style>
	<ExtendedData><SchemaData schemaUrl="#渔区网格">
		<SimpleData name="BM_Name"></SimpleData>
	</SchemaData></ExtendedData>
      <Polygon><outerBoundaryIs><LinearRing><coordinates>118,23 118.5,23.0 118.5,22.5 118.0,22.5 118,23</coordinates></LinearRing></outerBoundaryIs></Polygon>
  </Placemark>
  <Placemark>
	<name></name>
	<Style><LineStyle><color>66ffa000</color><width>1</width></LineStyle><PolyStyle><fill>0</fill></PolyStyle></Style>
	<ExtendedData><SchemaData schemaUrl="#渔区网格">
		<SimpleData name="BM_Name"></SimpleData>
	</SchemaData></ExtendedData>
      <Polygon><outerBoundaryIs><LinearRing><coordinates>118.0,22.5 118.5,22.5 118.5,22.0 118,22 118.0,22.5</coordinates></LinearRing></outerBoundaryIs></Polygon>
  </Placemark>
  <Placemark>
	<name></name>
	<Style><LineStyle><color>66ffa000</color><width>1</width></LineStyle><PolyStyle><fill>0</fill></PolyStyle></Style>
	<ExtendedData><SchemaData schemaUrl="#渔区网格">
		<SimpleData name="BM_Name"></SimpleData>
	</SchemaData></ExtendedData>
      <Polygon><outerBoundaryIs><LinearRing><coordinates>118,22 118.5,22.0 118.5,21.5 118.0,21.5 118,22</coordinates></LinearRing></outerBoundaryIs></Polygon>
  </Placemark>
  <Placemark>
	<name></name>
	<Style><LineStyle><color>66ffa000</color><width>1</width></LineStyle><PolyStyle><fill>0</fill></PolyStyle></Style>
	<ExtendedData><SchemaData schemaUrl="#渔区网格">
		<SimpleData name="BM_Name"></SimpleData>
	</SchemaData></ExtendedData>
      <Polygon><outerBoundaryIs><LinearRing><coordinates>118.0,21.5 118.5,21.5 118.5,21.0 118,21 118.0,21.5</coordinates></LinearRing></outerBoundaryIs></Polygon>
  </Placemark>
  <Placemark>
	<name></name>
	<Style><LineStyle><color>66ffa000</color><width>1</width></LineStyle><PolyStyle><fill>0</fill></PolyStyle></Style>
	<ExtendedData><SchemaData schemaUrl="#渔区网格">
		<SimpleData name="BM_Name"></SimpleData>
	</SchemaData></ExtendedData>
      <Polygon><outerBoundaryIs><LinearRing><coordinates>118.5,39.5 119.0,39.5 119,39 118.5,39.0 118.5,39.5</coordinates></LinearRing></outerBoundaryIs></Polygon>
  </Placemark>
  <Placemark>
	<name></name>
	<Style><LineStyle><color>66ffa000</color><width>1</width></LineStyle><PolyStyle><fill>0</fill></PolyStyle></Style>
	<ExtendedData><SchemaData schemaUrl="#渔区网格">
		<SimpleData name="BM_Name"></SimpleData>
	</SchemaData></ExtendedData>
      <Polygon><outerBoundaryIs><LinearRing><coordinates>118.5,39.0 119,39 119.0,38.5 118.5,38.5 118.5,39.0</coordinates></LinearRing></outerBoundaryIs></Polygon>
  </Placemark>
  <Placemark>
	<name></name>
	<Style><LineStyle><color>66ffa000</color><width>1</width></LineStyle><PolyStyle><fill>0</fill></PolyStyle></Style>
	<ExtendedData><SchemaData schemaUrl="#渔区网格">
		<SimpleData name="BM_Name"></SimpleData>
	</SchemaData></ExtendedData>
      <Polygon><outerBoundaryIs><LinearRing><coordinates>118.5,38.5 119.0,38.5 119,38 118.5,38.0 118.5,38.5</coordinates></LinearRing></outerBoundaryIs></Polygon>
  </Placemark>
  <Placemark>
	<name></name>
	<Style><LineStyle><color>66ffa000</color><width>1</width></LineStyle><PolyStyle><fill>0</fill></PolyStyle></Style>
	<ExtendedData><SchemaData schemaUrl="#渔区网格">
		<SimpleData name="BM_Name"></SimpleData>
	</SchemaData></ExtendedData>
      <Polygon><outerBoundaryIs><LinearRing><coordinates>118.5,25.0 119,25 119.0,24.5 118.5,24.5 118.5,25.0</coordinates></LinearRing></outerBoundaryIs></Polygon>
  </Placemark>
  <Placemark>
	<name></name>
	<Style><LineStyle><color>66ffa000</color><width>1</width></LineStyle><PolyStyle><fill>0</fill></PolyStyle></Style>
	<ExtendedData><SchemaData schemaUrl="#渔区网格">
		<SimpleData name="BM_Name"></SimpleData>
	</SchemaData></ExtendedData>
      <Polygon><outerBoundaryIs><LinearRing><coordinates>118.5,24.5 119.0,24.5 119,24 118.5,24.0 118.5,24.5</coordinates></LinearRing></outerBoundaryIs></Polygon>
  </Placemark>
  <Placemark>
	<name></name>
	<Style><LineStyle><color>66ffa000</color><width>1</width></LineStyle><PolyStyle><fill>0</fill></PolyStyle></Style>
	<ExtendedData><SchemaData schemaUrl="#渔区网格">
		<SimpleData name="BM_Name"></SimpleData>
	</SchemaData></ExtendedData>
      <Polygon><outerBoundaryIs><LinearRing><coordinates>118.5,24.0 119,24 119.0,23.5 118.5,23.5 118.5,24.0</coordinates></LinearRing></outerBoundaryIs></Polygon>
  </Placemark>
  <Placemark>
	<name></name>
	<Style><LineStyle><color>66ffa000</color><width>1</width></LineStyle><PolyStyle><fill>0</fill></PolyStyle></Style>
	<ExtendedData><SchemaData schemaUrl="#渔区网格">
		<SimpleData name="BM_Name"></SimpleData>
	</SchemaData></ExtendedData>
      <Polygon><outerBoundaryIs><LinearRing><coordinates>118.5,23.5 119.0,23.5 119,23 118.5,23.0 118.5,23.5</coordinates></LinearRing></outerBoundaryIs></Polygon>
  </Placemark>
  <Placemark>
	<name></name>
	<Style><LineStyle><color>66ffa000</color><width>1</width></LineStyle><PolyStyle><fill>0</fill></PolyStyle></Style>
	<ExtendedData><SchemaData schemaUrl="#渔区网格">
		<SimpleData name="BM_Name"></SimpleData>
	</SchemaData></ExtendedData>
      <Polygon><outerBoundaryIs><LinearRing><coordinates>118.5,23.0 119,23 119.0,22.5 118.5,22.5 118.5,23.0</coordinates></LinearRing></outerBoundaryIs></Polygon>
  </Placemark>
  <Placemark>
	<name></name>
	<Style><LineStyle><color>66ffa000</color><width>1</width></LineStyle><PolyStyle><fill>0</fill></PolyStyle></Style>
	<ExtendedData><SchemaData schemaUrl="#渔区网格">
		<SimpleData name="BM_Name"></SimpleData>
	</SchemaData></ExtendedData>
      <Polygon><outerBoundaryIs><LinearRing><coordinates>118.5,22.5 119.0,22.5 119,22 118.5,22.0 118.5,22.5</coordinates></LinearRing></outerBoundaryIs></Polygon>
  </Placemark>
  <Placemark>
	<name></name>
	<Style><LineStyle><color>66ffa000</color><width>1</width></LineStyle><PolyStyle><fill>0</fill></PolyStyle></Style>
	<ExtendedData><SchemaData schemaUrl="#渔区网格">
		<SimpleData name="BM_Name"></SimpleData>
	</SchemaData></ExtendedData>
      <Polygon><outerBoundaryIs><LinearRing><coordinates>118.5,22.0 119,22 119.0,21.5 118.5,21.5 118.5,22.0</coordinates></LinearRing></outerBoundaryIs></Polygon>
  </Placemark>
  <Placemark>
	<name></name>
	<Style><LineStyle><color>66ffa000</color><width>1</width></LineStyle><PolyStyle><fill>0</fill></PolyStyle></Style>
	<ExtendedData><SchemaData schemaUrl="#渔区网格">
		<SimpleData name="BM_Name"></SimpleData>
	</SchemaData></ExtendedData>
      <Polygon><outerBoundaryIs><LinearRing><coordinates>118.5,21.5 119.0,21.5 119,21 118.5,21.0 118.5,21.5</coordinates></LinearRing></outerBoundaryIs></Polygon>
  </Placemark>
  <Placemark>
	<name></name>
	<Style><LineStyle><color>66ffa000</color><width>1</width></LineStyle><PolyStyle><fill>0</fill></PolyStyle></Style>
	<ExtendedData><SchemaData schemaUrl="#渔区网格">
		<SimpleData name="BM_Name"></SimpleData>
	</SchemaData></ExtendedData>
      <Polygon><outerBoundaryIs><LinearRing><coordinates>119,40 119.5,40.0 119.5,39.5 119.0,39.5 119,40</coordinates></LinearRing></outerBoundaryIs></Polygon>
  </Placemark>
  <Placemark>
	<name></name>
	<Style><LineStyle><color>66ffa000</color><width>1</width></LineStyle><PolyStyle><fill>0</fill></PolyStyle></Style>
	<ExtendedData><SchemaData schemaUrl="#渔区网格">
		<SimpleData name="BM_Name"></SimpleData>
	</SchemaData></ExtendedData>
      <Polygon><outerBoundaryIs><LinearRing><coordinates>119.0,39.5 119.5,39.5 119.5,39.0 119,39 119.0,39.5</coordinates></LinearRing></outerBoundaryIs></Polygon>
  </Placemark>
  <Placemark>
	<name></name>
	<Style><LineStyle><color>66ffa000</color><width>1</width></LineStyle><PolyStyle><fill>0</fill></PolyStyle></Style>
	<ExtendedData><SchemaData schemaUrl="#渔区网格">
		<SimpleData name="BM_Name"></SimpleData>
	</SchemaData></ExtendedData>
      <Polygon><outerBoundaryIs><LinearRing><coordinates>119,39 119.5,39.0 119.5,38.5 119.0,38.5 119,39</coordinates></LinearRing></outerBoundaryIs></Polygon>
  </Placemark>
  <Placemark>
	<name></name>
	<Style><LineStyle><color>66ffa000</color><width>1</width></LineStyle><PolyStyle><fill>0</fill></PolyStyle></Style>
	<ExtendedData><SchemaData schemaUrl="#渔区网格">
		<SimpleData name="BM_Name"></SimpleData>
	</SchemaData></ExtendedData>
      <Polygon><outerBoundaryIs><LinearRing><coordinates>119.0,38.5 119.5,38.5 119.5,38.0 119,38 119.0,38.5</coordinates></LinearRing></outerBoundaryIs></Polygon>
  </Placemark>
  <Placemark>
	<name></name>
	<Style><LineStyle><color>66ffa000</color><width>1</width></LineStyle><PolyStyle><fill>0</fill></PolyStyle></Style>
	<ExtendedData><SchemaData schemaUrl="#渔区网格">
		<SimpleData name="BM_Name"></SimpleData>
	</SchemaData></ExtendedData>
      <Polygon><outerBoundaryIs><LinearRing><coordinates>119,38 119.5,38.0 119.5,37.5 119.0,37.5 119,38</coordinates></LinearRing></outerBoundaryIs></Polygon>
  </Placemark>
  <Placemark>
	<name></name>
	<Style><LineStyle><color>66ffa000</color><width>1</width></LineStyle><PolyStyle><fill>0</fill></PolyStyle></Style>
	<ExtendedData><SchemaData schemaUrl="#渔区网格">
		<SimpleData name="BM_Name"></SimpleData>
	</SchemaData></ExtendedData>
      <Polygon><outerBoundaryIs><LinearRing><coordinates>119.0,37.5 119.5,37.5 119.5,37.0 119,37 119.0,37.5</coordinates></LinearRing></outerBoundaryIs></Polygon>
  </Placemark>
  <Placemark>
	<name></name>
	<Style><LineStyle><color>66ffa000</color><width>1</width></LineStyle><PolyStyle><fill>0</fill></PolyStyle></Style>
	<ExtendedData><SchemaData schemaUrl="#渔区网格">
		<SimpleData name="BM_Name"></SimpleData>
	</SchemaData></ExtendedData>
      <Polygon><outerBoundaryIs><LinearRing><coordinates>119.0,35.5 119.5,35.5 119.5,35.0 119,35 119.0,35.5</coordinates></LinearRing></outerBoundaryIs></Polygon>
  </Placemark>
  <Placemark>
	<name></name>
	<Style><LineStyle><color>66ffa000</color><width>1</width></LineStyle><PolyStyle><fill>0</fill></PolyStyle></Style>
	<ExtendedData><SchemaData schemaUrl="#渔区网格">
		<SimpleData name="BM_Name"></SimpleData>
	</SchemaData></ExtendedData>
      <Polygon><outerBoundaryIs><LinearRing><coordinates>119,35 119.5,35.0 119.5,34.5 119.0,34.5 119,35</coordinates></LinearRing></outerBoundaryIs></Polygon>
  </Placemark>
  <Placemark>
	<name></name>
	<Style><LineStyle><color>66ffa000</color><width>1</width></LineStyle><PolyStyle><fill>0</fill></PolyStyle></Style>
	<ExtendedData><SchemaData schemaUrl="#渔区网格">
		<SimpleData name="BM_Name"></SimpleData>
	</SchemaData></ExtendedData>
      <Polygon><outerBoundaryIs><LinearRing><coordinates>119.0,25.5 119.5,25.5 119.5,25.0 119,25 119.0,25.5</coordinates></LinearRing></outerBoundaryIs></Polygon>
  </Placemark>
  <Placemark>
	<name></name>
	<Style><LineStyle><color>66ffa000</color><width>1</width></LineStyle><PolyStyle><fill>0</fill></PolyStyle></Style>
	<ExtendedData><SchemaData schemaUrl="#渔区网格">
		<SimpleData name="BM_Name"></SimpleData>
	</SchemaData></ExtendedData>
      <Polygon><outerBoundaryIs><LinearRing><coordinates>119,25 119.5,25.0 119.5,24.5 119.0,24.5 119,25</coordinates></LinearRing></outerBoundaryIs></Polygon>
  </Placemark>
  <Placemark>
	<name></name>
	<Style><LineStyle><color>66ffa000</color><width>1</width></LineStyle><PolyStyle><fill>0</fill></PolyStyle></Style>
	<ExtendedData><SchemaData schemaUrl="#渔区网格">
		<SimpleData name="BM_Name"></SimpleData>
	</SchemaData></ExtendedData>
      <Polygon><outerBoundaryIs><LinearRing><coordinates>119.0,24.5 119.5,24.5 119.5,24.0 119,24 119.0,24.5</coordinates></LinearRing></outerBoundaryIs></Polygon>
  </Placemark>
  <Placemark>
	<name></name>
	<Style><LineStyle><color>66ffa000</color><width>1</width></LineStyle><PolyStyle><fill>0</fill></PolyStyle></Style>
	<ExtendedData><SchemaData schemaUrl="#渔区网格">
		<SimpleData name="BM_Name"></SimpleData>
	</SchemaData></ExtendedData>
      <Polygon><outerBoundaryIs><LinearRing><coordinates>119,24 119.5,24.0 119.5,23.5 119.0,23.5 119,24</coordinates></LinearRing></outerBoundaryIs></Polygon>
  </Placemark>
  <Placemark>
	<name></name>
	<Style><LineStyle><color>66ffa000</color><width>1</width></LineStyle><PolyStyle><fill>0</fill></PolyStyle></Style>
	<ExtendedData><SchemaData schemaUrl="#渔区网格">
		<SimpleData name="BM_Name"></SimpleData>
	</SchemaData></ExtendedData>
      <Polygon><outerBoundaryIs><LinearRing><coordinates>119.0,23.5 119.5,23.5 119.5,23.0 119,23 119.0,23.5</coordinates></LinearRing></outerBoundaryIs></Polygon>
  </Placemark>
  <Placemark>
	<name></name>
	<Style><LineStyle><color>66ffa000</color><width>1</width></LineStyle><PolyStyle><fill>0</fill></PolyStyle></Style>
	<ExtendedData><SchemaData schemaUrl="#渔区网格">
		<SimpleData name="BM_Name"></SimpleData>
	</SchemaData></ExtendedData>
      <Polygon><outerBoundaryIs><LinearRing><coordinates>119,23 119.5,23.0 119.5,22.5 119.0,22.5 119,23</coordinates></LinearRing></outerBoundaryIs></Polygon>
  </Placemark>
  <Placemark>
	<name></name>
	<Style><LineStyle><color>66ffa000</color><width>1</width></LineStyle><PolyStyle><fill>0</fill></PolyStyle></Style>
	<ExtendedData><SchemaData schemaUrl="#渔区网格">
		<SimpleData name="BM_Name"></SimpleData>
	</SchemaData></ExtendedData>
      <Polygon><outerBoundaryIs><LinearRing><coordinates>119.0,22.5 119.5,22.5 119.5,22.0 119,22 119.0,22.5</coordinates></LinearRing></outerBoundaryIs></Polygon>
  </Placemark>
  <Placemark>
	<name></name>
	<Style><LineStyle><color>66ffa000</color><width>1</width></LineStyle><PolyStyle><fill>0</fill></PolyStyle></Style>
	<ExtendedData><SchemaData schemaUrl="#渔区网格">
		<SimpleData name="BM_Name"></SimpleData>
	</SchemaData></ExtendedData>
      <Polygon><outerBoundaryIs><LinearRing><coordinates>119,22 119.5,22.0 119.5,21.5 119.0,21.5 119,22</coordinates></LinearRing></outerBoundaryIs></Polygon>
  </Placemark>
  <Placemark>
	<name></name>
	<Style><LineStyle><color>66ffa000</color><width>1</width></LineStyle><PolyStyle><fill>0</fill></PolyStyle></Style>
	<ExtendedData><SchemaData schemaUrl="#渔区网格">
		<SimpleData name="BM_Name"></SimpleData>
	</SchemaData></ExtendedData>
      <Polygon><outerBoundaryIs><LinearRing><coordinates>119.0,21.5 119.5,21.5 119.5,21.0 119,21 119.0,21.5</coordinates></LinearRing></outerBoundaryIs></Polygon>
  </Placemark>
  <Placemark>
	<name></name>
	<Style><LineStyle><color>66ffa000</color><width>1</width></LineStyle><PolyStyle><fill>0</fill></PolyStyle></Style>
	<ExtendedData><SchemaData schemaUrl="#渔区网格">
		<SimpleData name="BM_Name"></SimpleData>
	</SchemaData></ExtendedData>
      <Polygon><outerBoundaryIs><LinearRing><coordinates>119.5,40.5 120.0,40.5 120,40 119.5,40.0 119.5,40.5</coordinates></LinearRing></outerBoundaryIs></Polygon>
  </Placemark>
  <Placemark>
	<name></name>
	<Style><LineStyle><color>66ffa000</color><width>1</width></LineStyle><PolyStyle><fill>0</fill></PolyStyle></Style>
	<ExtendedData><SchemaData schemaUrl="#渔区网格">
		<SimpleData name="BM_Name"></SimpleData>
	</SchemaData></ExtendedData>
      <Polygon><outerBoundaryIs><LinearRing><coordinates>119.5,40.0 120,40 120.0,39.5 119.5,39.5 119.5,40.0</coordinates></LinearRing></outerBoundaryIs></Polygon>
  </Placemark>
  <Placemark>
	<name></name>
	<Style><LineStyle><color>66ffa000</color><width>1</width></LineStyle><PolyStyle><fill>0</fill></PolyStyle></Style>
	<ExtendedData><SchemaData schemaUrl="#渔区网格">
		<SimpleData name="BM_Name"></SimpleData>
	</SchemaData></ExtendedData>
      <Polygon><outerBoundaryIs><LinearRing><coordinates>119.5,39.5 120.0,39.5 120,39 119.5,39.0 119.5,39.5</coordinates></LinearRing></outerBoundaryIs></Polygon>
  </Placemark>
  <Placemark>
	<name></name>
	<Style><LineStyle><color>66ffa000</color><width>1</width></LineStyle><PolyStyle><fill>0</fill></PolyStyle></Style>
	<ExtendedData><SchemaData schemaUrl="#渔区网格">
		<SimpleData name="BM_Name"></SimpleData>
	</SchemaData></ExtendedData>
      <Polygon><outerBoundaryIs><LinearRing><coordinates>119.5,39.0 120,39 120.0,38.5 119.5,38.5 119.5,39.0</coordinates></LinearRing></outerBoundaryIs></Polygon>
  </Placemark>
  <Placemark>
	<name></name>
	<Style><LineStyle><color>66ffa000</color><width>1</width></LineStyle><PolyStyle><fill>0</fill></PolyStyle></Style>
	<ExtendedData><SchemaData schemaUrl="#渔区网格">
		<SimpleData name="BM_Name"></SimpleData>
	</SchemaData></ExtendedData>
      <Polygon><outerBoundaryIs><LinearRing><coordinates>119.5,38.5 120.0,38.5 120,38 119.5,38.0 119.5,38.5</coordinates></LinearRing></outerBoundaryIs></Polygon>
  </Placemark>
  <Placemark>
	<name></name>
	<Style><LineStyle><color>66ffa000</color><width>1</width></LineStyle><PolyStyle><fill>0</fill></PolyStyle></Style>
	<ExtendedData><SchemaData schemaUrl="#渔区网格">
		<SimpleData name="BM_Name"></SimpleData>
	</SchemaData></ExtendedData>
      <Polygon><outerBoundaryIs><LinearRing><coordinates>119.5,38.0 120,38 120.0,37.5 119.5,37.5 119.5,38.0</coordinates></LinearRing></outerBoundaryIs></Polygon>
  </Placemark>
  <Placemark>
	<name></name>
	<Style><LineStyle><color>66ffa000</color><width>1</width></LineStyle><PolyStyle><fill>0</fill></PolyStyle></Style>
	<ExtendedData><SchemaData schemaUrl="#渔区网格">
		<SimpleData name="BM_Name"></SimpleData>
	</SchemaData></ExtendedData>
      <Polygon><outerBoundaryIs><LinearRing><coordinates>119.5,37.5 120.0,37.5 120,37 119.5,37.0 119.5,37.5</coordinates></LinearRing></outerBoundaryIs></Polygon>
  </Placemark>
  <Placemark>
	<name></name>
	<Style><LineStyle><color>66ffa000</color><width>1</width></LineStyle><PolyStyle><fill>0</fill></PolyStyle></Style>
	<ExtendedData><SchemaData schemaUrl="#渔区网格">
		<SimpleData name="BM_Name"></SimpleData>
	</SchemaData></ExtendedData>
      <Polygon><outerBoundaryIs><LinearRing><coordinates>119.5,36.0 120,36 120.0,35.5 119.5,35.5 119.5,36.0</coordinates></LinearRing></outerBoundaryIs></Polygon>
  </Placemark>
  <Placemark>
	<name></name>
	<Style><LineStyle><color>66ffa000</color><width>1</width></LineStyle><PolyStyle><fill>0</fill></PolyStyle></Style>
	<ExtendedData><SchemaData schemaUrl="#渔区网格">
		<SimpleData name="BM_Name"></SimpleData>
	</SchemaData></ExtendedData>
      <Polygon><outerBoundaryIs><LinearRing><coordinates>119.5,35.5 120.0,35.5 120,35 119.5,35.0 119.5,35.5</coordinates></LinearRing></outerBoundaryIs></Polygon>
  </Placemark>
  <Placemark>
	<name></name>
	<Style><LineStyle><color>66ffa000</color><width>1</width></LineStyle><PolyStyle><fill>0</fill></PolyStyle></Style>
	<ExtendedData><SchemaData schemaUrl="#渔区网格">
		<SimpleData name="BM_Name"></SimpleData>
	</SchemaData></ExtendedData>
      <Polygon><outerBoundaryIs><LinearRing><coordinates>119.5,35.0 120,35 120.0,34.5 119.5,34.5 119.5,35.0</coordinates></LinearRing></outerBoundaryIs></Polygon>
  </Placemark>
  <Placemark>
	<name></name>
	<Style><LineStyle><color>66ffa000</color><width>1</width></LineStyle><PolyStyle><fill>0</fill></PolyStyle></Style>
	<ExtendedData><SchemaData schemaUrl="#渔区网格">
		<SimpleData name="BM_Name"></SimpleData>
	</SchemaData></ExtendedData>
      <Polygon><outerBoundaryIs><LinearRing><coordinates>119.5,34.5 120.0,34.5 120,34 119.5,34.0 119.5,34.5</coordinates></LinearRing></outerBoundaryIs></Polygon>
  </Placemark>
  <Placemark>
	<name></name>
	<Style><LineStyle><color>66ffa000</color><width>1</width></LineStyle><PolyStyle><fill>0</fill></PolyStyle></Style>
	<ExtendedData><SchemaData schemaUrl="#渔区网格">
		<SimpleData name="BM_Name"></SimpleData>
	</SchemaData></ExtendedData>
      <Polygon><outerBoundaryIs><LinearRing><coordinates>119.5,27.0 120,27 120.0,26.5 119.5,26.5 119.5,27.0</coordinates></LinearRing></outerBoundaryIs></Polygon>
  </Placemark>
  <Placemark>
	<name></name>
	<Style><LineStyle><color>66ffa000</color><width>1</width></LineStyle><PolyStyle><fill>0</fill></PolyStyle></Style>
	<ExtendedData><SchemaData schemaUrl="#渔区网格">
		<SimpleData name="BM_Name"></SimpleData>
	</SchemaData></ExtendedData>
      <Polygon><outerBoundaryIs><LinearRing><coordinates>119.5,26.5 120.0,26.5 120,26 119.5,26.0 119.5,26.5</coordinates></LinearRing></outerBoundaryIs></Polygon>
  </Placemark>
  <Placemark>
	<name></name>
	<Style><LineStyle><color>66ffa000</color><width>1</width></LineStyle><PolyStyle><fill>0</fill></PolyStyle></Style>
	<ExtendedData><SchemaData schemaUrl="#渔区网格">
		<SimpleData name="BM_Name"></SimpleData>
	</SchemaData></ExtendedData>
      <Polygon><outerBoundaryIs><LinearRing><coordinates>119.5,26.0 120,26 120.0,25.5 119.5,25.5 119.5,26.0</coordinates></LinearRing></outerBoundaryIs></Polygon>
  </Placemark>
  <Placemark>
	<name></name>
	<Style><LineStyle><color>66ffa000</color><width>1</width></LineStyle><PolyStyle><fill>0</fill></PolyStyle></Style>
	<ExtendedData><SchemaData schemaUrl="#渔区网格">
		<SimpleData name="BM_Name"></SimpleData>
	</SchemaData></ExtendedData>
      <Polygon><outerBoundaryIs><LinearRing><coordinates>119.5,25.5 120.0,25.5 120,25 119.5,25.0 119.5,25.5</coordinates></LinearRing></outerBoundaryIs></Polygon>
  </Placemark>
  <Placemark>
	<name></name>
	<Style><LineStyle><color>66ffa000</color><width>1</width></LineStyle><PolyStyle><fill>0</fill></PolyStyle></Style>
	<ExtendedData><SchemaData schemaUrl="#渔区网格">
		<SimpleData name="BM_Name"></SimpleData>
	</SchemaData></ExtendedData>
      <Polygon><outerBoundaryIs><LinearRing><coordinates>119.5,25.0 120,25 120.0,24.5 119.5,24.5 119.5,25.0</coordinates></LinearRing></outerBoundaryIs></Polygon>
  </Placemark>
  <Placemark>
	<name></name>
	<Style><LineStyle><color>66ffa000</color><width>1</width></LineStyle><PolyStyle><fill>0</fill></PolyStyle></Style>
	<ExtendedData><SchemaData schemaUrl="#渔区网格">
		<SimpleData name="BM_Name"></SimpleData>
	</SchemaData></ExtendedData>
      <Polygon><outerBoundaryIs><LinearRing><coordinates>119.5,24.5 120.0,24.5 120,24 119.5,24.0 119.5,24.5</coordinates></LinearRing></outerBoundaryIs></Polygon>
  </Placemark>
  <Placemark>
	<name></name>
	<Style><LineStyle><color>66ffa000</color><width>1</width></LineStyle><PolyStyle><fill>0</fill></PolyStyle></Style>
	<ExtendedData><SchemaData schemaUrl="#渔区网格">
		<SimpleData name="BM_Name"></SimpleData>
	</SchemaData></ExtendedData>
      <Polygon><outerBoundaryIs><LinearRing><coordinates>119.5,24.0 120,24 120.0,23.5 119.5,23.5 119.5,24.0</coordinates></LinearRing></outerBoundaryIs></Polygon>
  </Placemark>
  <Placemark>
	<name></name>
	<Style><LineStyle><color>66ffa000</color><width>1</width></LineStyle><PolyStyle><fill>0</fill></PolyStyle></Style>
	<ExtendedData><SchemaData schemaUrl="#渔区网格">
		<SimpleData name="BM_Name"></SimpleData>
	</SchemaData></ExtendedData>
      <Polygon><outerBoundaryIs><LinearRing><coordinates>119.5,23.5 120.0,23.5 120,23 119.5,23.0 119.5,23.5</coordinates></LinearRing></outerBoundaryIs></Polygon>
  </Placemark>
  <Placemark>
	<name></name>
	<Style><LineStyle><color>66ffa000</color><width>1</width></LineStyle><PolyStyle><fill>0</fill></PolyStyle></Style>
	<ExtendedData><SchemaData schemaUrl="#渔区网格">
		<SimpleData name="BM_Name"></SimpleData>
	</SchemaData></ExtendedData>
      <Polygon><outerBoundaryIs><LinearRing><coordinates>119.5,23.0 120,23 120.0,22.5 119.5,22.5 119.5,23.0</coordinates></LinearRing></outerBoundaryIs></Polygon>
  </Placemark>
  <Placemark>
	<name></name>
	<Style><LineStyle><color>66ffa000</color><width>1</width></LineStyle><PolyStyle><fill>0</fill></PolyStyle></Style>
	<ExtendedData><SchemaData schemaUrl="#渔区网格">
		<SimpleData name="BM_Name"></SimpleData>
	</SchemaData></ExtendedData>
      <Polygon><outerBoundaryIs><LinearRing><coordinates>119.5,22.5 120.0,22.5 120,22 119.5,22.0 119.5,22.5</coordinates></LinearRing></outerBoundaryIs></Polygon>
  </Placemark>
  <Placemark>
	<name></name>
	<Style><LineStyle><color>66ffa000</color><width>1</width></LineStyle><PolyStyle><fill>0</fill></PolyStyle></Style>
	<ExtendedData><SchemaData schemaUrl="#渔区网格">
		<SimpleData name="BM_Name"></SimpleData>
	</SchemaData></ExtendedData>
      <Polygon><outerBoundaryIs><LinearRing><coordinates>119.5,22.0 120,22 120.0,21.5 119.5,21.5 119.5,22.0</coordinates></LinearRing></outerBoundaryIs></Polygon>
  </Placemark>
  <Placemark>
	<name></name>
	<Style><LineStyle><color>66ffa000</color><width>1</width></LineStyle><PolyStyle><fill>0</fill></PolyStyle></Style>
	<ExtendedData><SchemaData schemaUrl="#渔区网格">
		<SimpleData name="BM_Name"></SimpleData>
	</SchemaData></ExtendedData>
      <Polygon><outerBoundaryIs><LinearRing><coordinates>119.5,21.5 120.0,21.5 120,21 119.5,21.0 119.5,21.5</coordinates></LinearRing></outerBoundaryIs></Polygon>
  </Placemark>
  <Placemark>
	<name></name>
	<Style><LineStyle><color>66ffa000</color><width>1</width></LineStyle><PolyStyle><fill>0</fill></PolyStyle></Style>
	<ExtendedData><SchemaData schemaUrl="#渔区网格">
		<SimpleData name="BM_Name"></SimpleData>
	</SchemaData></ExtendedData>
      <Polygon><outerBoundaryIs><LinearRing><coordinates>120.0,40.5 120.5,40.5 120.5,40.0 120,40 120.0,40.5</coordinates></LinearRing></outerBoundaryIs></Polygon>
  </Placemark>
  <Placemark>
	<name></name>
	<Style><LineStyle><color>66ffa000</color><width>1</width></LineStyle><PolyStyle><fill>0</fill></PolyStyle></Style>
	<ExtendedData><SchemaData schemaUrl="#渔区网格">
		<SimpleData name="BM_Name"></SimpleData>
	</SchemaData></ExtendedData>
      <Polygon><outerBoundaryIs><LinearRing><coordinates>120,40 120.5,40.0 120.5,39.5 120.0,39.5 120,40</coordinates></LinearRing></outerBoundaryIs></Polygon>
  </Placemark>
  <Placemark>
	<name></name>
	<Style><LineStyle><color>66ffa000</color><width>1</width></LineStyle><PolyStyle><fill>0</fill></PolyStyle></Style>
	<ExtendedData><SchemaData schemaUrl="#渔区网格">
		<SimpleData name="BM_Name"></SimpleData>
	</SchemaData></ExtendedData>
      <Polygon><outerBoundaryIs><LinearRing><coordinates>120.0,39.5 120.5,39.5 120.5,39.0 120,39 120.0,39.5</coordinates></LinearRing></outerBoundaryIs></Polygon>
  </Placemark>
  <Placemark>
	<name></name>
	<Style><LineStyle><color>66ffa000</color><width>1</width></LineStyle><PolyStyle><fill>0</fill></PolyStyle></Style>
	<ExtendedData><SchemaData schemaUrl="#渔区网格">
		<SimpleData name="BM_Name"></SimpleData>
	</SchemaData></ExtendedData>
      <Polygon><outerBoundaryIs><LinearRing><coordinates>120,39 120.5,39.0 120.5,38.5 120.0,38.5 120,39</coordinates></LinearRing></outerBoundaryIs></Polygon>
  </Placemark>
  <Placemark>
	<name></name>
	<Style><LineStyle><color>66ffa000</color><width>1</width></LineStyle><PolyStyle><fill>0</fill></PolyStyle></Style>
	<ExtendedData><SchemaData schemaUrl="#渔区网格">
		<SimpleData name="BM_Name"></SimpleData>
	</SchemaData></ExtendedData>
      <Polygon><outerBoundaryIs><LinearRing><coordinates>120.0,38.5 120.5,38.5 120.5,38.0 120,38 120.0,38.5</coordinates></LinearRing></outerBoundaryIs></Polygon>
  </Placemark>
  <Placemark>
	<name></name>
	<Style><LineStyle><color>66ffa000</color><width>1</width></LineStyle><PolyStyle><fill>0</fill></PolyStyle></Style>
	<ExtendedData><SchemaData schemaUrl="#渔区网格">
		<SimpleData name="BM_Name"></SimpleData>
	</SchemaData></ExtendedData>
      <Polygon><outerBoundaryIs><LinearRing><coordinates>120,38 120.5,38.0 120.5,37.5 120.0,37.5 120,38</coordinates></LinearRing></outerBoundaryIs></Polygon>
  </Placemark>
  <Placemark>
	<name></name>
	<Style><LineStyle><color>66ffa000</color><width>1</width></LineStyle><PolyStyle><fill>0</fill></PolyStyle></Style>
	<ExtendedData><SchemaData schemaUrl="#渔区网格">
		<SimpleData name="BM_Name"></SimpleData>
	</SchemaData></ExtendedData>
      <Polygon><outerBoundaryIs><LinearRing><coordinates>120,36 120.5,36.0 120.5,35.5 120.0,35.5 120,36</coordinates></LinearRing></outerBoundaryIs></Polygon>
  </Placemark>
  <Placemark>
	<name></name>
	<Style><LineStyle><color>66ffa000</color><width>1</width></LineStyle><PolyStyle><fill>0</fill></PolyStyle></Style>
	<ExtendedData><SchemaData schemaUrl="#渔区网格">
		<SimpleData name="BM_Name"></SimpleData>
	</SchemaData></ExtendedData>
      <Polygon><outerBoundaryIs><LinearRing><coordinates>120.0,35.5 120.5,35.5 120.5,35.0 120,35 120.0,35.5</coordinates></LinearRing></outerBoundaryIs></Polygon>
  </Placemark>
  <Placemark>
	<name></name>
	<Style><LineStyle><color>66ffa000</color><width>1</width></LineStyle><PolyStyle><fill>0</fill></PolyStyle></Style>
	<ExtendedData><SchemaData schemaUrl="#渔区网格">
		<SimpleData name="BM_Name"></SimpleData>
	</SchemaData></ExtendedData>
      <Polygon><outerBoundaryIs><LinearRing><coordinates>120,35 120.5,35.0 120.5,34.5 120.0,34.5 120,35</coordinates></LinearRing></outerBoundaryIs></Polygon>
  </Placemark>
  <Placemark>
	<name></name>
	<Style><LineStyle><color>66ffa000</color><width>1</width></LineStyle><PolyStyle><fill>0</fill></PolyStyle></Style>
	<ExtendedData><SchemaData schemaUrl="#渔区网格">
		<SimpleData name="BM_Name"></SimpleData>
	</SchemaData></ExtendedData>
      <Polygon><outerBoundaryIs><LinearRing><coordinates>120.0,34.5 120.5,34.5 120.5,34.0 120,34 120.0,34.5</coordinates></LinearRing></outerBoundaryIs></Polygon>
  </Placemark>
  <Placemark>
	<name></name>
	<Style><LineStyle><color>66ffa000</color><width>1</width></LineStyle><PolyStyle><fill>0</fill></PolyStyle></Style>
	<ExtendedData><SchemaData schemaUrl="#渔区网格">
		<SimpleData name="BM_Name"></SimpleData>
	</SchemaData></ExtendedData>
      <Polygon><outerBoundaryIs><LinearRing><coordinates>120,34 120.5,34.0 120.5,33.5 120.0,33.5 120,34</coordinates></LinearRing></outerBoundaryIs></Polygon>
  </Placemark>
  <Placemark>
	<name></name>
	<Style><LineStyle><color>66ffa000</color><width>1</width></LineStyle><PolyStyle><fill>0</fill></PolyStyle></Style>
	<ExtendedData><SchemaData schemaUrl="#渔区网格">
		<SimpleData name="BM_Name"></SimpleData>
	</SchemaData></ExtendedData>
      <Polygon><outerBoundaryIs><LinearRing><coordinates>120.0,27.5 120.5,27.5 120.5,27.0 120,27 120.0,27.5</coordinates></LinearRing></outerBoundaryIs></Polygon>
  </Placemark>
  <Placemark>
	<name></name>
	<Style><LineStyle><color>66ffa000</color><width>1</width></LineStyle><PolyStyle><fill>0</fill></PolyStyle></Style>
	<ExtendedData><SchemaData schemaUrl="#渔区网格">
		<SimpleData name="BM_Name"></SimpleData>
	</SchemaData></ExtendedData>
      <Polygon><outerBoundaryIs><LinearRing><coordinates>120,27 120.5,27.0 120.5,26.5 120.0,26.5 120,27</coordinates></LinearRing></outerBoundaryIs></Polygon>
  </Placemark>
  <Placemark>
	<name></name>
	<Style><LineStyle><color>66ffa000</color><width>1</width></LineStyle><PolyStyle><fill>0</fill></PolyStyle></Style>
	<ExtendedData><SchemaData schemaUrl="#渔区网格">
		<SimpleData name="BM_Name"></SimpleData>
	</SchemaData></ExtendedData>
      <Polygon><outerBoundaryIs><LinearRing><coordinates>120.0,26.5 120.5,26.5 120.5,26.0 120,26 120.0,26.5</coordinates></LinearRing></outerBoundaryIs></Polygon>
  </Placemark>
  <Placemark>
	<name></name>
	<Style><LineStyle><color>66ffa000</color><width>1</width></LineStyle><PolyStyle><fill>0</fill></PolyStyle></Style>
	<ExtendedData><SchemaData schemaUrl="#渔区网格">
		<SimpleData name="BM_Name"></SimpleData>
	</SchemaData></ExtendedData>
      <Polygon><outerBoundaryIs><LinearRing><coordinates>120,26 120.5,26.0 120.5,25.5 120.0,25.5 120,26</coordinates></LinearRing></outerBoundaryIs></Polygon>
  </Placemark>
  <Placemark>
	<name></name>
	<Style><LineStyle><color>66ffa000</color><width>1</width></LineStyle><PolyStyle><fill>0</fill></PolyStyle></Style>
	<ExtendedData><SchemaData schemaUrl="#渔区网格">
		<SimpleData name="BM_Name"></SimpleData>
	</SchemaData></ExtendedData>
      <Polygon><outerBoundaryIs><LinearRing><coordinates>120.0,25.5 120.5,25.5 120.5,25.0 120,25 120.0,25.5</coordinates></LinearRing></outerBoundaryIs></Polygon>
  </Placemark>
  <Placemark>
	<name></name>
	<Style><LineStyle><color>66ffa000</color><width>1</width></LineStyle><PolyStyle><fill>0</fill></PolyStyle></Style>
	<ExtendedData><SchemaData schemaUrl="#渔区网格">
		<SimpleData name="BM_Name"></SimpleData>
	</SchemaData></ExtendedData>
      <Polygon><outerBoundaryIs><LinearRing><coordinates>120,25 120.5,25.0 120.5,24.5 120.0,24.5 120,25</coordinates></LinearRing></outerBoundaryIs></Polygon>
  </Placemark>
  <Placemark>
	<name></name>
	<Style><LineStyle><color>66ffa000</color><width>1</width></LineStyle><PolyStyle><fill>0</fill></PolyStyle></Style>
	<ExtendedData><SchemaData schemaUrl="#渔区网格">
		<SimpleData name="BM_Name"></SimpleData>
	</SchemaData></ExtendedData>
      <Polygon><outerBoundaryIs><LinearRing><coordinates>120.0,24.5 120.5,24.5 120.5,24.0 120,24 120.0,24.5</coordinates></LinearRing></outerBoundaryIs></Polygon>
  </Placemark>
  <Placemark>
	<name></name>
	<Style><LineStyle><color>66ffa000</color><width>1</width></LineStyle><PolyStyle><fill>0</fill></PolyStyle></Style>
	<ExtendedData><SchemaData schemaUrl="#渔区网格">
		<SimpleData name="BM_Name"></SimpleData>
	</SchemaData></ExtendedData>
      <Polygon><outerBoundaryIs><LinearRing><coordinates>120,24 120.5,24.0 120.5,23.5 120.0,23.5 120,24</coordinates></LinearRing></outerBoundaryIs></Polygon>
  </Placemark>
  <Placemark>
	<name></name>
	<Style><LineStyle><color>66ffa000</color><width>1</width></LineStyle><PolyStyle><fill>0</fill></PolyStyle></Style>
	<ExtendedData><SchemaData schemaUrl="#渔区网格">
		<SimpleData name="BM_Name"></SimpleData>
	</SchemaData></ExtendedData>
      <Polygon><outerBoundaryIs><LinearRing><coordinates>120.0,23.5 120.5,23.5 120.5,23.0 120,23 120.0,23.5</coordinates></LinearRing></outerBoundaryIs></Polygon>
  </Placemark>
  <Placemark>
	<name></name>
	<Style><LineStyle><color>66ffa000</color><width>1</width></LineStyle><PolyStyle><fill>0</fill></PolyStyle></Style>
	<ExtendedData><SchemaData schemaUrl="#渔区网格">
		<SimpleData name="BM_Name"></SimpleData>
	</SchemaData></ExtendedData>
      <Polygon><outerBoundaryIs><LinearRing><coordinates>120,23 120.5,23.0 120.5,22.5 120.0,22.5 120,23</coordinates></LinearRing></outerBoundaryIs></Polygon>
  </Placemark>
  <Placemark>
	<name></name>
	<Style><LineStyle><color>66ffa000</color><width>1</width></LineStyle><PolyStyle><fill>0</fill></PolyStyle></Style>
	<ExtendedData><SchemaData schemaUrl="#渔区网格">
		<SimpleData name="BM_Name"></SimpleData>
	</SchemaData></ExtendedData>
      <Polygon><outerBoundaryIs><LinearRing><coordinates>120.0,22.5 120.5,22.5 120.5,22.0 120,22 120.0,22.5</coordinates></LinearRing></outerBoundaryIs></Polygon>
  </Placemark>
  <Placemark>
	<name></name>
	<Style><LineStyle><color>66ffa000</color><width>1</width></LineStyle><PolyStyle><fill>0</fill></PolyStyle></Style>
	<ExtendedData><SchemaData schemaUrl="#渔区网格">
		<SimpleData name="BM_Name"></SimpleData>
	</SchemaData></ExtendedData>
      <Polygon><outerBoundaryIs><LinearRing><coordinates>120,22 120.5,22.0 120.5,21.5 120.0,21.5 120,22</coordinates></LinearRing></outerBoundaryIs></Polygon>
  </Placemark>
  <Placemark>
	<name></name>
	<Style><LineStyle><color>66ffa000</color><width>1</width></LineStyle><PolyStyle><fill>0</fill></PolyStyle></Style>
	<ExtendedData><SchemaData schemaUrl="#渔区网格">
		<SimpleData name="BM_Name"></SimpleData>
	</SchemaData></ExtendedData>
      <Polygon><outerBoundaryIs><LinearRing><coordinates>120.0,21.5 120.5,21.5 120.5,21.0 120,21 120.0,21.5</coordinates></LinearRing></outerBoundaryIs></Polygon>
  </Placemark>
  <Placemark>
	<name></name>
	<Style><LineStyle><color>66ffa000</color><width>1</width></LineStyle><PolyStyle><fill>0</fill></PolyStyle></Style>
	<ExtendedData><SchemaData schemaUrl="#渔区网格">
		<SimpleData name="BM_Name"></SimpleData>
	</SchemaData></ExtendedData>
      <Polygon><outerBoundaryIs><LinearRing><coordinates>120.5,41.0 121,41 121.0,40.5 120.5,40.5 120.5,41.0</coordinates></LinearRing></outerBoundaryIs></Polygon>
  </Placemark>
  <Placemark>
	<name></name>
	<Style><LineStyle><color>66ffa000</color><width>1</width></LineStyle><PolyStyle><fill>0</fill></PolyStyle></Style>
	<ExtendedData><SchemaData schemaUrl="#渔区网格">
		<SimpleData name="BM_Name"></SimpleData>
	</SchemaData></ExtendedData>
      <Polygon><outerBoundaryIs><LinearRing><coordinates>120.5,40.5 121.0,40.5 121,40 120.5,40.0 120.5,40.5</coordinates></LinearRing></outerBoundaryIs></Polygon>
  </Placemark>
  <Placemark>
	<name></name>
	<Style><LineStyle><color>66ffa000</color><width>1</width></LineStyle><PolyStyle><fill>0</fill></PolyStyle></Style>
	<ExtendedData><SchemaData schemaUrl="#渔区网格">
		<SimpleData name="BM_Name"></SimpleData>
	</SchemaData></ExtendedData>
      <Polygon><outerBoundaryIs><LinearRing><coordinates>120.5,40.0 121,40 121.0,39.5 120.5,39.5 120.5,40.0</coordinates></LinearRing></outerBoundaryIs></Polygon>
  </Placemark>
  <Placemark>
	<name></name>
	<Style><LineStyle><color>66ffa000</color><width>1</width></LineStyle><PolyStyle><fill>0</fill></PolyStyle></Style>
	<ExtendedData><SchemaData schemaUrl="#渔区网格">
		<SimpleData name="BM_Name"></SimpleData>
	</SchemaData></ExtendedData>
      <Polygon><outerBoundaryIs><LinearRing><coordinates>120.5,39.5 121.0,39.5 121,39 120.5,39.0 120.5,39.5</coordinates></LinearRing></outerBoundaryIs></Polygon>
  </Placemark>
  <Placemark>
	<name></name>
	<Style><LineStyle><color>66ffa000</color><width>1</width></LineStyle><PolyStyle><fill>0</fill></PolyStyle></Style>
	<ExtendedData><SchemaData schemaUrl="#渔区网格">
		<SimpleData name="BM_Name"></SimpleData>
	</SchemaData></ExtendedData>
      <Polygon><outerBoundaryIs><LinearRing><coordinates>120.5,39.0 121,39 121.0,38.5 120.5,38.5 120.5,39.0</coordinates></LinearRing></outerBoundaryIs></Polygon>
  </Placemark>
  <Placemark>
	<name></name>
	<Style><LineStyle><color>66ffa000</color><width>1</width></LineStyle><PolyStyle><fill>0</fill></PolyStyle></Style>
	<ExtendedData><SchemaData schemaUrl="#渔区网格">
		<SimpleData name="BM_Name"></SimpleData>
	</SchemaData></ExtendedData>
      <Polygon><outerBoundaryIs><LinearRing><coordinates>120.5,38.5 121.0,38.5 121,38 120.5,38.0 120.5,38.5</coordinates></LinearRing></outerBoundaryIs></Polygon>
  </Placemark>
  <Placemark>
	<name></name>
	<Style><LineStyle><color>66ffa000</color><width>1</width></LineStyle><PolyStyle><fill>0</fill></PolyStyle></Style>
	<ExtendedData><SchemaData schemaUrl="#渔区网格">
		<SimpleData name="BM_Name"></SimpleData>
	</SchemaData></ExtendedData>
      <Polygon><outerBoundaryIs><LinearRing><coordinates>120.5,38.0 121,38 121.0,37.5 120.5,37.5 120.5,38.0</coordinates></LinearRing></outerBoundaryIs></Polygon>
  </Placemark>
  <Placemark>
	<name></name>
	<Style><LineStyle><color>66ffa000</color><width>1</width></LineStyle><PolyStyle><fill>0</fill></PolyStyle></Style>
	<ExtendedData><SchemaData schemaUrl="#渔区网格">
		<SimpleData name="BM_Name"></SimpleData>
	</SchemaData></ExtendedData>
      <Polygon><outerBoundaryIs><LinearRing><coordinates>120.5,36.5 121.0,36.5 121,36 120.5,36.0 120.5,36.5</coordinates></LinearRing></outerBoundaryIs></Polygon>
  </Placemark>
  <Placemark>
	<name></name>
	<Style><LineStyle><color>66ffa000</color><width>1</width></LineStyle><PolyStyle><fill>0</fill></PolyStyle></Style>
	<ExtendedData><SchemaData schemaUrl="#渔区网格">
		<SimpleData name="BM_Name"></SimpleData>
	</SchemaData></ExtendedData>
      <Polygon><outerBoundaryIs><LinearRing><coordinates>120.5,36.0 121,36 121.0,35.5 120.5,35.5 120.5,36.0</coordinates></LinearRing></outerBoundaryIs></Polygon>
  </Placemark>
  <Placemark>
	<name></name>
	<Style><LineStyle><color>66ffa000</color><width>1</width></LineStyle><PolyStyle><fill>0</fill></PolyStyle></Style>
	<ExtendedData><SchemaData schemaUrl="#渔区网格">
		<SimpleData name="BM_Name"></SimpleData>
	</SchemaData></ExtendedData>
      <Polygon><outerBoundaryIs><LinearRing><coordinates>120.5,35.5 121.0,35.5 121,35 120.5,35.0 120.5,35.5</coordinates></LinearRing></outerBoundaryIs></Polygon>
  </Placemark>
  <Placemark>
	<name></name>
	<Style><LineStyle><color>66ffa000</color><width>1</width></LineStyle><PolyStyle><fill>0</fill></PolyStyle></Style>
	<ExtendedData><SchemaData schemaUrl="#渔区网格">
		<SimpleData name="BM_Name"></SimpleData>
	</SchemaData></ExtendedData>
      <Polygon><outerBoundaryIs><LinearRing><coordinates>120.5,35.0 121,35 121.0,34.5 120.5,34.5 120.5,35.0</coordinates></LinearRing></outerBoundaryIs></Polygon>
  </Placemark>
  <Placemark>
	<name></name>
	<Style><LineStyle><color>66ffa000</color><width>1</width></LineStyle><PolyStyle><fill>0</fill></PolyStyle></Style>
	<ExtendedData><SchemaData schemaUrl="#渔区网格">
		<SimpleData name="BM_Name"></SimpleData>
	</SchemaData></ExtendedData>
      <Polygon><outerBoundaryIs><LinearRing><coordinates>120.5,34.5 121.0,34.5 121,34 120.5,34.0 120.5,34.5</coordinates></LinearRing></outerBoundaryIs></Polygon>
  </Placemark>
  <Placemark>
	<name></name>
	<Style><LineStyle><color>66ffa000</color><width>1</width></LineStyle><PolyStyle><fill>0</fill></PolyStyle></Style>
	<ExtendedData><SchemaData schemaUrl="#渔区网格">
		<SimpleData name="BM_Name"></SimpleData>
	</SchemaData></ExtendedData>
      <Polygon><outerBoundaryIs><LinearRing><coordinates>120.5,34.0 121,34 121.0,33.5 120.5,33.5 120.5,34.0</coordinates></LinearRing></outerBoundaryIs></Polygon>
  </Placemark>
  <Placemark>
	<name></name>
	<Style><LineStyle><color>66ffa000</color><width>1</width></LineStyle><PolyStyle><fill>0</fill></PolyStyle></Style>
	<ExtendedData><SchemaData schemaUrl="#渔区网格">
		<SimpleData name="BM_Name"></SimpleData>
	</SchemaData></ExtendedData>
      <Polygon><outerBoundaryIs><LinearRing><coordinates>120.5,33.5 121.0,33.5 121,33 120.5,33.0 120.5,33.5</coordinates></LinearRing></outerBoundaryIs></Polygon>
  </Placemark>
  <Placemark>
	<name></name>
	<Style><LineStyle><color>66ffa000</color><width>1</width></LineStyle><PolyStyle><fill>0</fill></PolyStyle></Style>
	<ExtendedData><SchemaData schemaUrl="#渔区网格">
		<SimpleData name="BM_Name"></SimpleData>
	</SchemaData></ExtendedData>
      <Polygon><outerBoundaryIs><LinearRing><coordinates>120.5,33.0 121,33 121.0,32.5 120.5,32.5 120.5,33.0</coordinates></LinearRing></outerBoundaryIs></Polygon>
  </Placemark>
  <Placemark>
	<name></name>
	<Style><LineStyle><color>66ffa000</color><width>1</width></LineStyle><PolyStyle><fill>0</fill></PolyStyle></Style>
	<ExtendedData><SchemaData schemaUrl="#渔区网格">
		<SimpleData name="BM_Name"></SimpleData>
	</SchemaData></ExtendedData>
      <Polygon><outerBoundaryIs><LinearRing><coordinates>120.5,28.0 121,28 121.0,27.5 120.5,27.5 120.5,28.0</coordinates></LinearRing></outerBoundaryIs></Polygon>
  </Placemark>
  <Placemark>
	<name></name>
	<Style><LineStyle><color>66ffa000</color><width>1</width></LineStyle><PolyStyle><fill>0</fill></PolyStyle></Style>
	<ExtendedData><SchemaData schemaUrl="#渔区网格">
		<SimpleData name="BM_Name"></SimpleData>
	</SchemaData></ExtendedData>
      <Polygon><outerBoundaryIs><LinearRing><coordinates>120.5,27.5 121.0,27.5 121,27 120.5,27.0 120.5,27.5</coordinates></LinearRing></outerBoundaryIs></Polygon>
  </Placemark>
  <Placemark>
	<name></name>
	<Style><LineStyle><color>66ffa000</color><width>1</width></LineStyle><PolyStyle><fill>0</fill></PolyStyle></Style>
	<ExtendedData><SchemaData schemaUrl="#渔区网格">
		<SimpleData name="BM_Name"></SimpleData>
	</SchemaData></ExtendedData>
      <Polygon><outerBoundaryIs><LinearRing><coordinates>120.5,27.0 121,27 121.0,26.5 120.5,26.5 120.5,27.0</coordinates></LinearRing></outerBoundaryIs></Polygon>
  </Placemark>
  <Placemark>
	<name></name>
	<Style><LineStyle><color>66ffa000</color><width>1</width></LineStyle><PolyStyle><fill>0</fill></PolyStyle></Style>
	<ExtendedData><SchemaData schemaUrl="#渔区网格">
		<SimpleData name="BM_Name"></SimpleData>
	</SchemaData></ExtendedData>
      <Polygon><outerBoundaryIs><LinearRing><coordinates>120.5,26.5 121.0,26.5 121,26 120.5,26.0 120.5,26.5</coordinates></LinearRing></outerBoundaryIs></Polygon>
  </Placemark>
  <Placemark>
	<name></name>
	<Style><LineStyle><color>66ffa000</color><width>1</width></LineStyle><PolyStyle><fill>0</fill></PolyStyle></Style>
	<ExtendedData><SchemaData schemaUrl="#渔区网格">
		<SimpleData name="BM_Name"></SimpleData>
	</SchemaData></ExtendedData>
      <Polygon><outerBoundaryIs><LinearRing><coordinates>120.5,26.0 121,26 121.0,25.5 120.5,25.5 120.5,26.0</coordinates></LinearRing></outerBoundaryIs></Polygon>
  </Placemark>
  <Placemark>
	<name></name>
	<Style><LineStyle><color>66ffa000</color><width>1</width></LineStyle><PolyStyle><fill>0</fill></PolyStyle></Style>
	<ExtendedData><SchemaData schemaUrl="#渔区网格">
		<SimpleData name="BM_Name"></SimpleData>
	</SchemaData></ExtendedData>
      <Polygon><outerBoundaryIs><LinearRing><coordinates>120.5,25.5 121.0,25.5 121,25 120.5,25.0 120.5,25.5</coordinates></LinearRing></outerBoundaryIs></Polygon>
  </Placemark>
  <Placemark>
	<name></name>
	<Style><LineStyle><color>66ffa000</color><width>1</width></LineStyle><PolyStyle><fill>0</fill></PolyStyle></Style>
	<ExtendedData><SchemaData schemaUrl="#渔区网格">
		<SimpleData name="BM_Name"></SimpleData>
	</SchemaData></ExtendedData>
      <Polygon><outerBoundaryIs><LinearRing><coordinates>120.5,25.0 121,25 121.0,24.5 120.5,24.5 120.5,25.0</coordinates></LinearRing></outerBoundaryIs></Polygon>
  </Placemark>
  <Placemark>
	<name></name>
	<Style><LineStyle><color>66ffa000</color><width>1</width></LineStyle><PolyStyle><fill>0</fill></PolyStyle></Style>
	<ExtendedData><SchemaData schemaUrl="#渔区网格">
		<SimpleData name="BM_Name"></SimpleData>
	</SchemaData></ExtendedData>
      <Polygon><outerBoundaryIs><LinearRing><coordinates>120.5,22.0 121,22 121.0,21.5 120.5,21.5 120.5,22.0</coordinates></LinearRing></outerBoundaryIs></Polygon>
  </Placemark>
  <Placemark>
	<name></name>
	<Style><LineStyle><color>66ffa000</color><width>1</width></LineStyle><PolyStyle><fill>0</fill></PolyStyle></Style>
	<ExtendedData><SchemaData schemaUrl="#渔区网格">
		<SimpleData name="BM_Name"></SimpleData>
	</SchemaData></ExtendedData>
      <Polygon><outerBoundaryIs><LinearRing><coordinates>120.5,21.5 121.0,21.5 121,21 120.5,21.0 120.5,21.5</coordinates></LinearRing></outerBoundaryIs></Polygon>
  </Placemark>
  <Placemark>
	<name></name>
	<Style><LineStyle><color>66ffa000</color><width>1</width></LineStyle><PolyStyle><fill>0</fill></PolyStyle></Style>
	<ExtendedData><SchemaData schemaUrl="#渔区网格">
		<SimpleData name="BM_Name"></SimpleData>
	</SchemaData></ExtendedData>
      <Polygon><outerBoundaryIs><LinearRing><coordinates>121,41 121.5,41.0 121.5,40.5 121.0,40.5 121,41</coordinates></LinearRing></outerBoundaryIs></Polygon>
  </Placemark>
  <Placemark>
	<name></name>
	<Style><LineStyle><color>66ffa000</color><width>1</width></LineStyle><PolyStyle><fill>0</fill></PolyStyle></Style>
	<ExtendedData><SchemaData schemaUrl="#渔区网格">
		<SimpleData name="BM_Name"></SimpleData>
	</SchemaData></ExtendedData>
      <Polygon><outerBoundaryIs><LinearRing><coordinates>121.0,40.5 121.5,40.5 121.5,40.0 121,40 121.0,40.5</coordinates></LinearRing></outerBoundaryIs></Polygon>
  </Placemark>
  <Placemark>
	<name></name>
	<Style><LineStyle><color>66ffa000</color><width>1</width></LineStyle><PolyStyle><fill>0</fill></PolyStyle></Style>
	<ExtendedData><SchemaData schemaUrl="#渔区网格">
		<SimpleData name="BM_Name"></SimpleData>
	</SchemaData></ExtendedData>
      <Polygon><outerBoundaryIs><LinearRing><coordinates>121,40 121.5,40.0 121.5,39.5 121.0,39.5 121,40</coordinates></LinearRing></outerBoundaryIs></Polygon>
  </Placemark>
  <Placemark>
	<name></name>
	<Style><LineStyle><color>66ffa000</color><width>1</width></LineStyle><PolyStyle><fill>0</fill></PolyStyle></Style>
	<ExtendedData><SchemaData schemaUrl="#渔区网格">
		<SimpleData name="BM_Name"></SimpleData>
	</SchemaData></ExtendedData>
      <Polygon><outerBoundaryIs><LinearRing><coordinates>121.0,39.5 121.5,39.5 121.5,39.0 121,39 121.0,39.5</coordinates></LinearRing></outerBoundaryIs></Polygon>
  </Placemark>
  <Placemark>
	<name></name>
	<Style><LineStyle><color>66ffa000</color><width>1</width></LineStyle><PolyStyle><fill>0</fill></PolyStyle></Style>
	<ExtendedData><SchemaData schemaUrl="#渔区网格">
		<SimpleData name="BM_Name"></SimpleData>
	</SchemaData></ExtendedData>
      <Polygon><outerBoundaryIs><LinearRing><coordinates>121,39 121.5,39.0 121.5,38.5 121.0,38.5 121,39</coordinates></LinearRing></outerBoundaryIs></Polygon>
  </Placemark>
  <Placemark>
	<name></name>
	<Style><LineStyle><color>66ffa000</color><width>1</width></LineStyle><PolyStyle><fill>0</fill></PolyStyle></Style>
	<ExtendedData><SchemaData schemaUrl="#渔区网格">
		<SimpleData name="BM_Name"></SimpleData>
	</SchemaData></ExtendedData>
      <Polygon><outerBoundaryIs><LinearRing><coordinates>121.0,38.5 121.5,38.5 121.5,38.0 121,38 121.0,38.5</coordinates></LinearRing></outerBoundaryIs></Polygon>
  </Placemark>
  <Placemark>
	<name></name>
	<Style><LineStyle><color>66ffa000</color><width>1</width></LineStyle><PolyStyle><fill>0</fill></PolyStyle></Style>
	<ExtendedData><SchemaData schemaUrl="#渔区网格">
		<SimpleData name="BM_Name"></SimpleData>
	</SchemaData></ExtendedData>
      <Polygon><outerBoundaryIs><LinearRing><coordinates>121,38 121.5,38.0 121.5,37.5 121.0,37.5 121,38</coordinates></LinearRing></outerBoundaryIs></Polygon>
  </Placemark>
  <Placemark>
	<name></name>
	<Style><LineStyle><color>66ffa000</color><width>1</width></LineStyle><PolyStyle><fill>0</fill></PolyStyle></Style>
	<ExtendedData><SchemaData schemaUrl="#渔区网格">
		<SimpleData name="BM_Name"></SimpleData>
	</SchemaData></ExtendedData>
      <Polygon><outerBoundaryIs><LinearRing><coordinates>121,37 121.5,37.0 121.5,36.5 121.0,36.5 121,37</coordinates></LinearRing></outerBoundaryIs></Polygon>
  </Placemark>
  <Placemark>
	<name></name>
	<Style><LineStyle><color>66ffa000</color><width>1</width></LineStyle><PolyStyle><fill>0</fill></PolyStyle></Style>
	<ExtendedData><SchemaData schemaUrl="#渔区网格">
		<SimpleData name="BM_Name"></SimpleData>
	</SchemaData></ExtendedData>
      <Polygon><outerBoundaryIs><LinearRing><coordinates>121.0,36.5 121.5,36.5 121.5,36.0 121,36 121.0,36.5</coordinates></LinearRing></outerBoundaryIs></Polygon>
  </Placemark>
  <Placemark>
	<name></name>
	<Style><LineStyle><color>66ffa000</color><width>1</width></LineStyle><PolyStyle><fill>0</fill></PolyStyle></Style>
	<ExtendedData><SchemaData schemaUrl="#渔区网格">
		<SimpleData name="BM_Name"></SimpleData>
	</SchemaData></ExtendedData>
      <Polygon><outerBoundaryIs><LinearRing><coordinates>121,36 121.5,36.0 121.5,35.5 121.0,35.5 121,36</coordinates></LinearRing></outerBoundaryIs></Polygon>
  </Placemark>
  <Placemark>
	<name></name>
	<Style><LineStyle><color>66ffa000</color><width>1</width></LineStyle><PolyStyle><fill>0</fill></PolyStyle></Style>
	<ExtendedData><SchemaData schemaUrl="#渔区网格">
		<SimpleData name="BM_Name"></SimpleData>
	</SchemaData></ExtendedData>
      <Polygon><outerBoundaryIs><LinearRing><coordinates>121.0,35.5 121.5,35.5 121.5,35.0 121,35 121.0,35.5</coordinates></LinearRing></outerBoundaryIs></Polygon>
  </Placemark>
  <Placemark>
	<name></name>
	<Style><LineStyle><color>66ffa000</color><width>1</width></LineStyle><PolyStyle><fill>0</fill></PolyStyle></Style>
	<ExtendedData><SchemaData schemaUrl="#渔区网格">
		<SimpleData name="BM_Name"></SimpleData>
	</SchemaData></ExtendedData>
      <Polygon><outerBoundaryIs><LinearRing><coordinates>121,35 121.5,35.0 121.5,34.5 121.0,34.5 121,35</coordinates></LinearRing></outerBoundaryIs></Polygon>
  </Placemark>
  <Placemark>
	<name></name>
	<Style><LineStyle><color>66ffa000</color><width>1</width></LineStyle><PolyStyle><fill>0</fill></PolyStyle></Style>
	<ExtendedData><SchemaData schemaUrl="#渔区网格">
		<SimpleData name="BM_Name"></SimpleData>
	</SchemaData></ExtendedData>
      <Polygon><outerBoundaryIs><LinearRing><coordinates>121.0,34.5 121.5,34.5 121.5,34.0 121,34 121.0,34.5</coordinates></LinearRing></outerBoundaryIs></Polygon>
  </Placemark>
  <Placemark>
	<name></name>
	<Style><LineStyle><color>66ffa000</color><width>1</width></LineStyle><PolyStyle><fill>0</fill></PolyStyle></Style>
	<ExtendedData><SchemaData schemaUrl="#渔区网格">
		<SimpleData name="BM_Name"></SimpleData>
	</SchemaData></ExtendedData>
      <Polygon><outerBoundaryIs><LinearRing><coordinates>121,34 121.5,34.0 121.5,33.5 121.0,33.5 121,34</coordinates></LinearRing></outerBoundaryIs></Polygon>
  </Placemark>
  <Placemark>
	<name></name>
	<Style><LineStyle><color>66ffa000</color><width>1</width></LineStyle><PolyStyle><fill>0</fill></PolyStyle></Style>
	<ExtendedData><SchemaData schemaUrl="#渔区网格">
		<SimpleData name="BM_Name"></SimpleData>
	</SchemaData></ExtendedData>
      <Polygon><outerBoundaryIs><LinearRing><coordinates>121.0,33.5 121.5,33.5 121.5,33.0 121,33 121.0,33.5</coordinates></LinearRing></outerBoundaryIs></Polygon>
  </Placemark>
  <Placemark>
	<name></name>
	<Style><LineStyle><color>66ffa000</color><width>1</width></LineStyle><PolyStyle><fill>0</fill></PolyStyle></Style>
	<ExtendedData><SchemaData schemaUrl="#渔区网格">
		<SimpleData name="BM_Name"></SimpleData>
	</SchemaData></ExtendedData>
      <Polygon><outerBoundaryIs><LinearRing><coordinates>121,33 121.5,33.0 121.5,32.5 121.0,32.5 121,33</coordinates></LinearRing></outerBoundaryIs></Polygon>
  </Placemark>
  <Placemark>
	<name></name>
	<Style><LineStyle><color>66ffa000</color><width>1</width></LineStyle><PolyStyle><fill>0</fill></PolyStyle></Style>
	<ExtendedData><SchemaData schemaUrl="#渔区网格">
		<SimpleData name="BM_Name"></SimpleData>
	</SchemaData></ExtendedData>
      <Polygon><outerBoundaryIs><LinearRing><coordinates>121.0,32.5 121.5,32.5 121.5,32.0 121,32 121.0,32.5</coordinates></LinearRing></outerBoundaryIs></Polygon>
  </Placemark>
  <Placemark>
	<name></name>
	<Style><LineStyle><color>66ffa000</color><width>1</width></LineStyle><PolyStyle><fill>0</fill></PolyStyle></Style>
	<ExtendedData><SchemaData schemaUrl="#渔区网格">
		<SimpleData name="BM_Name"></SimpleData>
	</SchemaData></ExtendedData>
      <Polygon><outerBoundaryIs><LinearRing><coordinates>121,32 121.5,32.0 121.5,31.5 121.0,31.5 121,32</coordinates></LinearRing></outerBoundaryIs></Polygon>
  </Placemark>
  <Placemark>
	<name></name>
	<Style><LineStyle><color>66ffa000</color><width>1</width></LineStyle><PolyStyle><fill>0</fill></PolyStyle></Style>
	<ExtendedData><SchemaData schemaUrl="#渔区网格">
		<SimpleData name="BM_Name"></SimpleData>
	</SchemaData></ExtendedData>
      <Polygon><outerBoundaryIs><LinearRing><coordinates>121.0,31.5 121.5,31.5 121.5,31.0 121,31 121.0,31.5</coordinates></LinearRing></outerBoundaryIs></Polygon>
  </Placemark>
  <Placemark>
	<name></name>
	<Style><LineStyle><color>66ffa000</color><width>1</width></LineStyle><PolyStyle><fill>0</fill></PolyStyle></Style>
	<ExtendedData><SchemaData schemaUrl="#渔区网格">
		<SimpleData name="BM_Name"></SimpleData>
	</SchemaData></ExtendedData>
      <Polygon><outerBoundaryIs><LinearRing><coordinates>121,31 121.5,31.0 121.5,30.5 121.0,30.5 121,31</coordinates></LinearRing></outerBoundaryIs></Polygon>
  </Placemark>
  <Placemark>
	<name></name>
	<Style><LineStyle><color>66ffa000</color><width>1</width></LineStyle><PolyStyle><fill>0</fill></PolyStyle></Style>
	<ExtendedData><SchemaData schemaUrl="#渔区网格">
		<SimpleData name="BM_Name"></SimpleData>
	</SchemaData></ExtendedData>
      <Polygon><outerBoundaryIs><LinearRing><coordinates>121.0,30.5 121.5,30.5 121.5,30.0 121,30 121.0,30.5</coordinates></LinearRing></outerBoundaryIs></Polygon>
  </Placemark>
  <Placemark>
	<name></name>
	<Style><LineStyle><color>66ffa000</color><width>1</width></LineStyle><PolyStyle><fill>0</fill></PolyStyle></Style>
	<ExtendedData><SchemaData schemaUrl="#渔区网格">
		<SimpleData name="BM_Name"></SimpleData>
	</SchemaData></ExtendedData>
      <Polygon><outerBoundaryIs><LinearRing><coordinates>121.0,28.5 121.5,28.5 121.5,28.0 121,28 121.0,28.5</coordinates></LinearRing></outerBoundaryIs></Polygon>
  </Placemark>
  <Placemark>
	<name></name>
	<Style><LineStyle><color>66ffa000</color><width>1</width></LineStyle><PolyStyle><fill>0</fill></PolyStyle></Style>
	<ExtendedData><SchemaData schemaUrl="#渔区网格">
		<SimpleData name="BM_Name"></SimpleData>
	</SchemaData></ExtendedData>
      <Polygon><outerBoundaryIs><LinearRing><coordinates>121,28 121.5,28.0 121.5,27.5 121.0,27.5 121,28</coordinates></LinearRing></outerBoundaryIs></Polygon>
  </Placemark>
  <Placemark>
	<name></name>
	<Style><LineStyle><color>66ffa000</color><width>1</width></LineStyle><PolyStyle><fill>0</fill></PolyStyle></Style>
	<ExtendedData><SchemaData schemaUrl="#渔区网格">
		<SimpleData name="BM_Name"></SimpleData>
	</SchemaData></ExtendedData>
      <Polygon><outerBoundaryIs><LinearRing><coordinates>121.0,27.5 121.5,27.5 121.5,27.0 121,27 121.0,27.5</coordinates></LinearRing></outerBoundaryIs></Polygon>
  </Placemark>
  <Placemark>
	<name></name>
	<Style><LineStyle><color>66ffa000</color><width>1</width></LineStyle><PolyStyle><fill>0</fill></PolyStyle></Style>
	<ExtendedData><SchemaData schemaUrl="#渔区网格">
		<SimpleData name="BM_Name"></SimpleData>
	</SchemaData></ExtendedData>
      <Polygon><outerBoundaryIs><LinearRing><coordinates>121,27 121.5,27.0 121.5,26.5 121.0,26.5 121,27</coordinates></LinearRing></outerBoundaryIs></Polygon>
  </Placemark>
  <Placemark>
	<name></name>
	<Style><LineStyle><color>66ffa000</color><width>1</width></LineStyle><PolyStyle><fill>0</fill></PolyStyle></Style>
	<ExtendedData><SchemaData schemaUrl="#渔区网格">
		<SimpleData name="BM_Name"></SimpleData>
	</SchemaData></ExtendedData>
      <Polygon><outerBoundaryIs><LinearRing><coordinates>121.0,26.5 121.5,26.5 121.5,26.0 121,26 121.0,26.5</coordinates></LinearRing></outerBoundaryIs></Polygon>
  </Placemark>
  <Placemark>
	<name></name>
	<Style><LineStyle><color>66ffa000</color><width>1</width></LineStyle><PolyStyle><fill>0</fill></PolyStyle></Style>
	<ExtendedData><SchemaData schemaUrl="#渔区网格">
		<SimpleData name="BM_Name"></SimpleData>
	</SchemaData></ExtendedData>
      <Polygon><outerBoundaryIs><LinearRing><coordinates>121,26 121.5,26.0 121.5,25.5 121.0,25.5 121,26</coordinates></LinearRing></outerBoundaryIs></Polygon>
  </Placemark>
  <Placemark>
	<name></name>
	<Style><LineStyle><color>66ffa000</color><width>1</width></LineStyle><PolyStyle><fill>0</fill></PolyStyle></Style>
	<ExtendedData><SchemaData schemaUrl="#渔区网格">
		<SimpleData name="BM_Name"></SimpleData>
	</SchemaData></ExtendedData>
      <Polygon><outerBoundaryIs><LinearRing><coordinates>121.0,25.5 121.5,25.5 121.5,25.0 121,25 121.0,25.5</coordinates></LinearRing></outerBoundaryIs></Polygon>
  </Placemark>
  <Placemark>
	<name></name>
	<Style><LineStyle><color>66ffa000</color><width>1</width></LineStyle><PolyStyle><fill>0</fill></PolyStyle></Style>
	<ExtendedData><SchemaData schemaUrl="#渔区网格">
		<SimpleData name="BM_Name"></SimpleData>
	</SchemaData></ExtendedData>
      <Polygon><outerBoundaryIs><LinearRing><coordinates>121,23 121.5,23.0 121.5,22.5 121.0,22.5 121,23</coordinates></LinearRing></outerBoundaryIs></Polygon>
  </Placemark>
  <Placemark>
	<name></name>
	<Style><LineStyle><color>66ffa000</color><width>1</width></LineStyle><PolyStyle><fill>0</fill></PolyStyle></Style>
	<ExtendedData><SchemaData schemaUrl="#渔区网格">
		<SimpleData name="BM_Name"></SimpleData>
	</SchemaData></ExtendedData>
      <Polygon><outerBoundaryIs><LinearRing><coordinates>121.0,22.5 121.5,22.5 121.5,22.0 121,22 121.0,22.5</coordinates></LinearRing></outerBoundaryIs></Polygon>
  </Placemark>
  <Placemark>
	<name></name>
	<Style><LineStyle><color>66ffa000</color><width>1</width></LineStyle><PolyStyle><fill>0</fill></PolyStyle></Style>
	<ExtendedData><SchemaData schemaUrl="#渔区网格">
		<SimpleData name="BM_Name"></SimpleData>
	</SchemaData></ExtendedData>
      <Polygon><outerBoundaryIs><LinearRing><coordinates>121,22 121.5,22.0 121.5,21.5 121.0,21.5 121,22</coordinates></LinearRing></outerBoundaryIs></Polygon>
  </Placemark>
  <Placemark>
	<name></name>
	<Style><LineStyle><color>66ffa000</color><width>1</width></LineStyle><PolyStyle><fill>0</fill></PolyStyle></Style>
	<ExtendedData><SchemaData schemaUrl="#渔区网格">
		<SimpleData name="BM_Name"></SimpleData>
	</SchemaData></ExtendedData>
      <Polygon><outerBoundaryIs><LinearRing><coordinates>121.5,41.0 122,41 122.0,40.5 121.5,40.5 121.5,41.0</coordinates></LinearRing></outerBoundaryIs></Polygon>
  </Placemark>
  <Placemark>
	<name></name>
	<Style><LineStyle><color>66ffa000</color><width>1</width></LineStyle><PolyStyle><fill>0</fill></PolyStyle></Style>
	<ExtendedData><SchemaData schemaUrl="#渔区网格">
		<SimpleData name="BM_Name"></SimpleData>
	</SchemaData></ExtendedData>
      <Polygon><outerBoundaryIs><LinearRing><coordinates>121.5,40.5 122.0,40.5 122,40 121.5,40.0 121.5,40.5</coordinates></LinearRing></outerBoundaryIs></Polygon>
  </Placemark>
  <Placemark>
	<name></name>
	<Style><LineStyle><color>66ffa000</color><width>1</width></LineStyle><PolyStyle><fill>0</fill></PolyStyle></Style>
	<ExtendedData><SchemaData schemaUrl="#渔区网格">
		<SimpleData name="BM_Name"></SimpleData>
	</SchemaData></ExtendedData>
      <Polygon><outerBoundaryIs><LinearRing><coordinates>121.5,40.0 122,40 122.0,39.5 121.5,39.5 121.5,40.0</coordinates></LinearRing></outerBoundaryIs></Polygon>
  </Placemark>
  <Placemark>
	<name></name>
	<Style><LineStyle><color>66ffa000</color><width>1</width></LineStyle><PolyStyle><fill>0</fill></PolyStyle></Style>
	<ExtendedData><SchemaData schemaUrl="#渔区网格">
		<SimpleData name="BM_Name"></SimpleData>
	</SchemaData></ExtendedData>
      <Polygon><outerBoundaryIs><LinearRing><coordinates>121.5,39.5 122.0,39.5 122,39 121.5,39.0 121.5,39.5</coordinates></LinearRing></outerBoundaryIs></Polygon>
  </Placemark>
  <Placemark>
	<name></name>
	<Style><LineStyle><color>66ffa000</color><width>1</width></LineStyle><PolyStyle><fill>0</fill></PolyStyle></Style>
	<ExtendedData><SchemaData schemaUrl="#渔区网格">
		<SimpleData name="BM_Name"></SimpleData>
	</SchemaData></ExtendedData>
      <Polygon><outerBoundaryIs><LinearRing><coordinates>121.5,39.0 122,39 122.0,38.5 121.5,38.5 121.5,39.0</coordinates></LinearRing></outerBoundaryIs></Polygon>
  </Placemark>
  <Placemark>
	<name></name>
	<Style><LineStyle><color>66ffa000</color><width>1</width></LineStyle><PolyStyle><fill>0</fill></PolyStyle></Style>
	<ExtendedData><SchemaData schemaUrl="#渔区网格">
		<SimpleData name="BM_Name"></SimpleData>
	</SchemaData></ExtendedData>
      <Polygon><outerBoundaryIs><LinearRing><coordinates>121.5,38.5 122.0,38.5 122,38 121.5,38.0 121.5,38.5</coordinates></LinearRing></outerBoundaryIs></Polygon>
  </Placemark>
  <Placemark>
	<name></name>
	<Style><LineStyle><color>66ffa000</color><width>1</width></LineStyle><PolyStyle><fill>0</fill></PolyStyle></Style>
	<ExtendedData><SchemaData schemaUrl="#渔区网格">
		<SimpleData name="BM_Name"></SimpleData>
	</SchemaData></ExtendedData>
      <Polygon><outerBoundaryIs><LinearRing><coordinates>121.5,38.0 122,38 122.0,37.5 121.5,37.5 121.5,38.0</coordinates></LinearRing></outerBoundaryIs></Polygon>
  </Placemark>
  <Placemark>
	<name></name>
	<Style><LineStyle><color>66ffa000</color><width>1</width></LineStyle><PolyStyle><fill>0</fill></PolyStyle></Style>
	<ExtendedData><SchemaData schemaUrl="#渔区网格">
		<SimpleData name="BM_Name"></SimpleData>
	</SchemaData></ExtendedData>
      <Polygon><outerBoundaryIs><LinearRing><coordinates>121.5,37.0 122,37 122.0,36.5 121.5,36.5 121.5,37.0</coordinates></LinearRing></outerBoundaryIs></Polygon>
  </Placemark>
  <Placemark>
	<name></name>
	<Style><LineStyle><color>66ffa000</color><width>1</width></LineStyle><PolyStyle><fill>0</fill></PolyStyle></Style>
	<ExtendedData><SchemaData schemaUrl="#渔区网格">
		<SimpleData name="BM_Name"></SimpleData>
	</SchemaData></ExtendedData>
      <Polygon><outerBoundaryIs><LinearRing><coordinates>121.5,36.5 122.0,36.5 122,36 121.5,36.0 121.5,36.5</coordinates></LinearRing></outerBoundaryIs></Polygon>
  </Placemark>
  <Placemark>
	<name></name>
	<Style><LineStyle><color>66ffa000</color><width>1</width></LineStyle><PolyStyle><fill>0</fill></PolyStyle></Style>
	<ExtendedData><SchemaData schemaUrl="#渔区网格">
		<SimpleData name="BM_Name"></SimpleData>
	</SchemaData></ExtendedData>
      <Polygon><outerBoundaryIs><LinearRing><coordinates>121.5,36.0 122,36 122.0,35.5 121.5,35.5 121.5,36.0</coordinates></LinearRing></outerBoundaryIs></Polygon>
  </Placemark>
  <Placemark>
	<name></name>
	<Style><LineStyle><color>66ffa000</color><width>1</width></LineStyle><PolyStyle><fill>0</fill></PolyStyle></Style>
	<ExtendedData><SchemaData schemaUrl="#渔区网格">
		<SimpleData name="BM_Name"></SimpleData>
	</SchemaData></ExtendedData>
      <Polygon><outerBoundaryIs><LinearRing><coordinates>121.5,35.5 122.0,35.5 122,35 121.5,35.0 121.5,35.5</coordinates></LinearRing></outerBoundaryIs></Polygon>
  </Placemark>
  <Placemark>
	<name></name>
	<Style><LineStyle><color>66ffa000</color><width>1</width></LineStyle><PolyStyle><fill>0</fill></PolyStyle></Style>
	<ExtendedData><SchemaData schemaUrl="#渔区网格">
		<SimpleData name="BM_Name"></SimpleData>
	</SchemaData></ExtendedData>
      <Polygon><outerBoundaryIs><LinearRing><coordinates>121.5,35.0 122,35 122.0,34.5 121.5,34.5 121.5,35.0</coordinates></LinearRing></outerBoundaryIs></Polygon>
  </Placemark>
  <Placemark>
	<name></name>
	<Style><LineStyle><color>66ffa000</color><width>1</width></LineStyle><PolyStyle><fill>0</fill></PolyStyle></Style>
	<ExtendedData><SchemaData schemaUrl="#渔区网格">
		<SimpleData name="BM_Name"></SimpleData>
	</SchemaData></ExtendedData>
      <Polygon><outerBoundaryIs><LinearRing><coordinates>121.5,34.5 122.0,34.5 122,34 121.5,34.0 121.5,34.5</coordinates></LinearRing></outerBoundaryIs></Polygon>
  </Placemark>
  <Placemark>
	<name></name>
	<Style><LineStyle><color>66ffa000</color><width>1</width></LineStyle><PolyStyle><fill>0</fill></PolyStyle></Style>
	<ExtendedData><SchemaData schemaUrl="#渔区网格">
		<SimpleData name="BM_Name"></SimpleData>
	</SchemaData></ExtendedData>
      <Polygon><outerBoundaryIs><LinearRing><coordinates>121.5,34.0 122,34 122.0,33.5 121.5,33.5 121.5,34.0</coordinates></LinearRing></outerBoundaryIs></Polygon>
  </Placemark>
  <Placemark>
	<name></name>
	<Style><LineStyle><color>66ffa000</color><width>1</width></LineStyle><PolyStyle><fill>0</fill></PolyStyle></Style>
	<ExtendedData><SchemaData schemaUrl="#渔区网格">
		<SimpleData name="BM_Name"></SimpleData>
	</SchemaData></ExtendedData>
      <Polygon><outerBoundaryIs><LinearRing><coordinates>121.5,33.5 122.0,33.5 122,33 121.5,33.0 121.5,33.5</coordinates></LinearRing></outerBoundaryIs></Polygon>
  </Placemark>
  <Placemark>
	<name></name>
	<Style><LineStyle><color>66ffa000</color><width>1</width></LineStyle><PolyStyle><fill>0</fill></PolyStyle></Style>
	<ExtendedData><SchemaData schemaUrl="#渔区网格">
		<SimpleData name="BM_Name"></SimpleData>
	</SchemaData></ExtendedData>
      <Polygon><outerBoundaryIs><LinearRing><coordinates>121.5,33.0 122,33 122.0,32.5 121.5,32.5 121.5,33.0</coordinates></LinearRing></outerBoundaryIs></Polygon>
  </Placemark>
  <Placemark>
	<name></name>
	<Style><LineStyle><color>66ffa000</color><width>1</width></LineStyle><PolyStyle><fill>0</fill></PolyStyle></Style>
	<ExtendedData><SchemaData schemaUrl="#渔区网格">
		<SimpleData name="BM_Name"></SimpleData>
	</SchemaData></ExtendedData>
      <Polygon><outerBoundaryIs><LinearRing><coordinates>121.5,32.5 122.0,32.5 122,32 121.5,32.0 121.5,32.5</coordinates></LinearRing></outerBoundaryIs></Polygon>
  </Placemark>
  <Placemark>
	<name></name>
	<Style><LineStyle><color>66ffa000</color><width>1</width></LineStyle><PolyStyle><fill>0</fill></PolyStyle></Style>
	<ExtendedData><SchemaData schemaUrl="#渔区网格">
		<SimpleData name="BM_Name"></SimpleData>
	</SchemaData></ExtendedData>
      <Polygon><outerBoundaryIs><LinearRing><coordinates>121.5,32.0 122,32 122.0,31.5 121.5,31.5 121.5,32.0</coordinates></LinearRing></outerBoundaryIs></Polygon>
  </Placemark>
  <Placemark>
	<name></name>
	<Style><LineStyle><color>66ffa000</color><width>1</width></LineStyle><PolyStyle><fill>0</fill></PolyStyle></Style>
	<ExtendedData><SchemaData schemaUrl="#渔区网格">
		<SimpleData name="BM_Name"></SimpleData>
	</SchemaData></ExtendedData>
      <Polygon><outerBoundaryIs><LinearRing><coordinates>121.5,31.5 122.0,31.5 122,31 121.5,31.0 121.5,31.5</coordinates></LinearRing></outerBoundaryIs></Polygon>
  </Placemark>
  <Placemark>
	<name></name>
	<Style><LineStyle><color>66ffa000</color><width>1</width></LineStyle><PolyStyle><fill>0</fill></PolyStyle></Style>
	<ExtendedData><SchemaData schemaUrl="#渔区网格">
		<SimpleData name="BM_Name"></SimpleData>
	</SchemaData></ExtendedData>
      <Polygon><outerBoundaryIs><LinearRing><coordinates>121.5,31.0 122,31 122.0,30.5 121.5,30.5 121.5,31.0</coordinates></LinearRing></outerBoundaryIs></Polygon>
  </Placemark>
  <Placemark>
	<name></name>
	<Style><LineStyle><color>66ffa000</color><width>1</width></LineStyle><PolyStyle><fill>0</fill></PolyStyle></Style>
	<ExtendedData><SchemaData schemaUrl="#渔区网格">
		<SimpleData name="BM_Name"></SimpleData>
	</SchemaData></ExtendedData>
      <Polygon><outerBoundaryIs><LinearRing><coordinates>121.5,30.5 122.0,30.5 122,30 121.5,30.0 121.5,30.5</coordinates></LinearRing></outerBoundaryIs></Polygon>
  </Placemark>
  <Placemark>
	<name></name>
	<Style><LineStyle><color>66ffa000</color><width>1</width></LineStyle><PolyStyle><fill>0</fill></PolyStyle></Style>
	<ExtendedData><SchemaData schemaUrl="#渔区网格">
		<SimpleData name="BM_Name"></SimpleData>
	</SchemaData></ExtendedData>
      <Polygon><outerBoundaryIs><LinearRing><coordinates>121.5,29.0 122,29 122.0,28.5 121.5,28.5 121.5,29.0</coordinates></LinearRing></outerBoundaryIs></Polygon>
  </Placemark>
  <Placemark>
	<name></name>
	<Style><LineStyle><color>66ffa000</color><width>1</width></LineStyle><PolyStyle><fill>0</fill></PolyStyle></Style>
	<ExtendedData><SchemaData schemaUrl="#渔区网格">
		<SimpleData name="BM_Name"></SimpleData>
	</SchemaData></ExtendedData>
      <Polygon><outerBoundaryIs><LinearRing><coordinates>121.5,28.5 122.0,28.5 122,28 121.5,28.0 121.5,28.5</coordinates></LinearRing></outerBoundaryIs></Polygon>
  </Placemark>
  <Placemark>
	<name></name>
	<Style><LineStyle><color>66ffa000</color><width>1</width></LineStyle><PolyStyle><fill>0</fill></PolyStyle></Style>
	<ExtendedData><SchemaData schemaUrl="#渔区网格">
		<SimpleData name="BM_Name"></SimpleData>
	</SchemaData></ExtendedData>
      <Polygon><outerBoundaryIs><LinearRing><coordinates>121.5,28.0 122,28 122.0,27.5 121.5,27.5 121.5,28.0</coordinates></LinearRing></outerBoundaryIs></Polygon>
  </Placemark>
  <Placemark>
	<name></name>
	<Style><LineStyle><color>66ffa000</color><width>1</width></LineStyle><PolyStyle><fill>0</fill></PolyStyle></Style>
	<ExtendedData><SchemaData schemaUrl="#渔区网格">
		<SimpleData name="BM_Name"></SimpleData>
	</SchemaData></ExtendedData>
      <Polygon><outerBoundaryIs><LinearRing><coordinates>121.5,27.5 122.0,27.5 122,27 121.5,27.0 121.5,27.5</coordinates></LinearRing></outerBoundaryIs></Polygon>
  </Placemark>
  <Placemark>
	<name></name>
	<Style><LineStyle><color>66ffa000</color><width>1</width></LineStyle><PolyStyle><fill>0</fill></PolyStyle></Style>
	<ExtendedData><SchemaData schemaUrl="#渔区网格">
		<SimpleData name="BM_Name"></SimpleData>
	</SchemaData></ExtendedData>
      <Polygon><outerBoundaryIs><LinearRing><coordinates>121.5,27.0 122,27 122.0,26.5 121.5,26.5 121.5,27.0</coordinates></LinearRing></outerBoundaryIs></Polygon>
  </Placemark>
  <Placemark>
	<name></name>
	<Style><LineStyle><color>66ffa000</color><width>1</width></LineStyle><PolyStyle><fill>0</fill></PolyStyle></Style>
	<ExtendedData><SchemaData schemaUrl="#渔区网格">
		<SimpleData name="BM_Name"></SimpleData>
	</SchemaData></ExtendedData>
      <Polygon><outerBoundaryIs><LinearRing><coordinates>121.5,26.5 122.0,26.5 122,26 121.5,26.0 121.5,26.5</coordinates></LinearRing></outerBoundaryIs></Polygon>
  </Placemark>
  <Placemark>
	<name></name>
	<Style><LineStyle><color>66ffa000</color><width>1</width></LineStyle><PolyStyle><fill>0</fill></PolyStyle></Style>
	<ExtendedData><SchemaData schemaUrl="#渔区网格">
		<SimpleData name="BM_Name"></SimpleData>
	</SchemaData></ExtendedData>
      <Polygon><outerBoundaryIs><LinearRing><coordinates>121.5,26.0 122,26 122.0,25.5 121.5,25.5 121.5,26.0</coordinates></LinearRing></outerBoundaryIs></Polygon>
  </Placemark>
  <Placemark>
	<name></name>
	<Style><LineStyle><color>66ffa000</color><width>1</width></LineStyle><PolyStyle><fill>0</fill></PolyStyle></Style>
	<ExtendedData><SchemaData schemaUrl="#渔区网格">
		<SimpleData name="BM_Name"></SimpleData>
	</SchemaData></ExtendedData>
      <Polygon><outerBoundaryIs><LinearRing><coordinates>121.5,25.5 122.0,25.5 122,25 121.5,25.0 121.5,25.5</coordinates></LinearRing></outerBoundaryIs></Polygon>
  </Placemark>
  <Placemark>
	<name></name>
	<Style><LineStyle><color>66ffa000</color><width>1</width></LineStyle><PolyStyle><fill>0</fill></PolyStyle></Style>
	<ExtendedData><SchemaData schemaUrl="#渔区网格">
		<SimpleData name="BM_Name"></SimpleData>
	</SchemaData></ExtendedData>
      <Polygon><outerBoundaryIs><LinearRing><coordinates>121.5,24.5 122.0,24.5 122,24 121.5,24.0 121.5,24.5</coordinates></LinearRing></outerBoundaryIs></Polygon>
  </Placemark>
  <Placemark>
	<name></name>
	<Style><LineStyle><color>66ffa000</color><width>1</width></LineStyle><PolyStyle><fill>0</fill></PolyStyle></Style>
	<ExtendedData><SchemaData schemaUrl="#渔区网格">
		<SimpleData name="BM_Name"></SimpleData>
	</SchemaData></ExtendedData>
      <Polygon><outerBoundaryIs><LinearRing><coordinates>121.5,24.0 122,24 122.0,23.5 121.5,23.5 121.5,24.0</coordinates></LinearRing></outerBoundaryIs></Polygon>
  </Placemark>
  <Placemark>
	<name></name>
	<Style><LineStyle><color>66ffa000</color><width>1</width></LineStyle><PolyStyle><fill>0</fill></PolyStyle></Style>
	<ExtendedData><SchemaData schemaUrl="#渔区网格">
		<SimpleData name="BM_Name"></SimpleData>
	</SchemaData></ExtendedData>
      <Polygon><outerBoundaryIs><LinearRing><coordinates>121.5,23.5 122.0,23.5 122,23 121.5,23.0 121.5,23.5</coordinates></LinearRing></outerBoundaryIs></Polygon>
  </Placemark>
  <Placemark>
	<name></name>
	<Style><LineStyle><color>66ffa000</color><width>1</width></LineStyle><PolyStyle><fill>0</fill></PolyStyle></Style>
	<ExtendedData><SchemaData schemaUrl="#渔区网格">
		<SimpleData name="BM_Name"></SimpleData>
	</SchemaData></ExtendedData>
      <Polygon><outerBoundaryIs><LinearRing><coordinates>121.5,23.0 122,23 122.0,22.5 121.5,22.5 121.5,23.0</coordinates></LinearRing></outerBoundaryIs></Polygon>
  </Placemark>
  <Placemark>
	<name></name>
	<Style><LineStyle><color>66ffa000</color><width>1</width></LineStyle><PolyStyle><fill>0</fill></PolyStyle></Style>
	<ExtendedData><SchemaData schemaUrl="#渔区网格">
		<SimpleData name="BM_Name"></SimpleData>
	</SchemaData></ExtendedData>
      <Polygon><outerBoundaryIs><LinearRing><coordinates>121.5,22.5 122.0,22.5 122,22 121.5,22.0 121.5,22.5</coordinates></LinearRing></outerBoundaryIs></Polygon>
  </Placemark>
  <Placemark>
	<name></name>
	<Style><LineStyle><color>66ffa000</color><width>1</width></LineStyle><PolyStyle><fill>0</fill></PolyStyle></Style>
	<ExtendedData><SchemaData schemaUrl="#渔区网格">
		<SimpleData name="BM_Name"></SimpleData>
	</SchemaData></ExtendedData>
      <Polygon><outerBoundaryIs><LinearRing><coordinates>121.5,22.0 122,22 122.0,21.5 121.5,21.5 121.5,22.0</coordinates></LinearRing></outerBoundaryIs></Polygon>
  </Placemark>
  <Placemark>
	<name></name>
	<Style><LineStyle><color>66ffa000</color><width>1</width></LineStyle><PolyStyle><fill>0</fill></PolyStyle></Style>
	<ExtendedData><SchemaData schemaUrl="#渔区网格">
		<SimpleData name="BM_Name"></SimpleData>
	</SchemaData></ExtendedData>
      <Polygon><outerBoundaryIs><LinearRing><coordinates>122,41 122.5,41.0 122.5,40.5 122.0,40.5 122,41</coordinates></LinearRing></outerBoundaryIs></Polygon>
  </Placemark>
  <Placemark>
	<name></name>
	<Style><LineStyle><color>66ffa000</color><width>1</width></LineStyle><PolyStyle><fill>0</fill></PolyStyle></Style>
	<ExtendedData><SchemaData schemaUrl="#渔区网格">
		<SimpleData name="BM_Name"></SimpleData>
	</SchemaData></ExtendedData>
      <Polygon><outerBoundaryIs><LinearRing><coordinates>122.0,40.5 122.5,40.5 122.5,40.0 122,40 122.0,40.5</coordinates></LinearRing></outerBoundaryIs></Polygon>
  </Placemark>
  <Placemark>
	<name></name>
	<Style><LineStyle><color>66ffa000</color><width>1</width></LineStyle><PolyStyle><fill>0</fill></PolyStyle></Style>
	<ExtendedData><SchemaData schemaUrl="#渔区网格">
		<SimpleData name="BM_Name"></SimpleData>
	</SchemaData></ExtendedData>
      <Polygon><outerBoundaryIs><LinearRing><coordinates>122.0,39.5 122.5,39.5 122.5,39.0 122,39 122.0,39.5</coordinates></LinearRing></outerBoundaryIs></Polygon>
  </Placemark>
  <Placemark>
	<name></name>
	<Style><LineStyle><color>66ffa000</color><width>1</width></LineStyle><PolyStyle><fill>0</fill></PolyStyle></Style>
	<ExtendedData><SchemaData schemaUrl="#渔区网格">
		<SimpleData name="BM_Name"></SimpleData>
	</SchemaData></ExtendedData>
      <Polygon><outerBoundaryIs><LinearRing><coordinates>122,39 122.5,39.0 122.5,38.5 122.0,38.5 122,39</coordinates></LinearRing></outerBoundaryIs></Polygon>
  </Placemark>
  <Placemark>
	<name></name>
	<Style><LineStyle><color>66ffa000</color><width>1</width></LineStyle><PolyStyle><fill>0</fill></PolyStyle></Style>
	<ExtendedData><SchemaData schemaUrl="#渔区网格">
		<SimpleData name="BM_Name"></SimpleData>
	</SchemaData></ExtendedData>
      <Polygon><outerBoundaryIs><LinearRing><coordinates>122.0,38.5 122.5,38.5 122.5,38.0 122,38 122.0,38.5</coordinates></LinearRing></outerBoundaryIs></Polygon>
  </Placemark>
  <Placemark>
	<name></name>
	<Style><LineStyle><color>66ffa000</color><width>1</width></LineStyle><PolyStyle><fill>0</fill></PolyStyle></Style>
	<ExtendedData><SchemaData schemaUrl="#渔区网格">
		<SimpleData name="BM_Name"></SimpleData>
	</SchemaData></ExtendedData>
      <Polygon><outerBoundaryIs><LinearRing><coordinates>122,38 122.5,38.0 122.5,37.5 122.0,37.5 122,38</coordinates></LinearRing></outerBoundaryIs></Polygon>
  </Placemark>
  <Placemark>
	<name></name>
	<Style><LineStyle><color>66ffa000</color><width>1</width></LineStyle><PolyStyle><fill>0</fill></PolyStyle></Style>
	<ExtendedData><SchemaData schemaUrl="#渔区网格">
		<SimpleData name="BM_Name"></SimpleData>
	</SchemaData></ExtendedData>
      <Polygon><outerBoundaryIs><LinearRing><coordinates>122,37 122.5,37.0 122.5,36.5 122.0,36.5 122,37</coordinates></LinearRing></outerBoundaryIs></Polygon>
  </Placemark>
  <Placemark>
	<name></name>
	<Style><LineStyle><color>66ffa000</color><width>1</width></LineStyle><PolyStyle><fill>0</fill></PolyStyle></Style>
	<ExtendedData><SchemaData schemaUrl="#渔区网格">
		<SimpleData name="BM_Name"></SimpleData>
	</SchemaData></ExtendedData>
      <Polygon><outerBoundaryIs><LinearRing><coordinates>122.0,36.5 122.5,36.5 122.5,36.0 122,36 122.0,36.5</coordinates></LinearRing></outerBoundaryIs></Polygon>
  </Placemark>
  <Placemark>
	<name></name>
	<Style><LineStyle><color>66ffa000</color><width>1</width></LineStyle><PolyStyle><fill>0</fill></PolyStyle></Style>
	<ExtendedData><SchemaData schemaUrl="#渔区网格">
		<SimpleData name="BM_Name"></SimpleData>
	</SchemaData></ExtendedData>
      <Polygon><outerBoundaryIs><LinearRing><coordinates>122,36 122.5,36.0 122.5,35.5 122.0,35.5 122,36</coordinates></LinearRing></outerBoundaryIs></Polygon>
  </Placemark>
  <Placemark>
	<name></name>
	<Style><LineStyle><color>66ffa000</color><width>1</width></LineStyle><PolyStyle><fill>0</fill></PolyStyle></Style>
	<ExtendedData><SchemaData schemaUrl="#渔区网格">
		<SimpleData name="BM_Name"></SimpleData>
	</SchemaData></ExtendedData>
      <Polygon><outerBoundaryIs><LinearRing><coordinates>122.0,35.5 122.5,35.5 122.5,35.0 122,35 122.0,35.5</coordinates></LinearRing></outerBoundaryIs></Polygon>
  </Placemark>
  <Placemark>
	<name></name>
	<Style><LineStyle><color>66ffa000</color><width>1</width></LineStyle><PolyStyle><fill>0</fill></PolyStyle></Style>
	<ExtendedData><SchemaData schemaUrl="#渔区网格">
		<SimpleData name="BM_Name"></SimpleData>
	</SchemaData></ExtendedData>
      <Polygon><outerBoundaryIs><LinearRing><coordinates>122,35 122.5,35.0 122.5,34.5 122.0,34.5 122,35</coordinates></LinearRing></outerBoundaryIs></Polygon>
  </Placemark>
  <Placemark>
	<name></name>
	<Style><LineStyle><color>66ffa000</color><width>1</width></LineStyle><PolyStyle><fill>0</fill></PolyStyle></Style>
	<ExtendedData><SchemaData schemaUrl="#渔区网格">
		<SimpleData name="BM_Name"></SimpleData>
	</SchemaData></ExtendedData>
      <Polygon><outerBoundaryIs><LinearRing><coordinates>122.0,34.5 122.5,34.5 122.5,34.0 122,34 122.0,34.5</coordinates></LinearRing></outerBoundaryIs></Polygon>
  </Placemark>
  <Placemark>
	<name></name>
	<Style><LineStyle><color>66ffa000</color><width>1</width></LineStyle><PolyStyle><fill>0</fill></PolyStyle></Style>
	<ExtendedData><SchemaData schemaUrl="#渔区网格">
		<SimpleData name="BM_Name"></SimpleData>
	</SchemaData></ExtendedData>
      <Polygon><outerBoundaryIs><LinearRing><coordinates>122,34 122.5,34.0 122.5,33.5 122.0,33.5 122,34</coordinates></LinearRing></outerBoundaryIs></Polygon>
  </Placemark>
  <Placemark>
	<name></name>
	<Style><LineStyle><color>66ffa000</color><width>1</width></LineStyle><PolyStyle><fill>0</fill></PolyStyle></Style>
	<ExtendedData><SchemaData schemaUrl="#渔区网格">
		<SimpleData name="BM_Name"></SimpleData>
	</SchemaData></ExtendedData>
      <Polygon><outerBoundaryIs><LinearRing><coordinates>122.0,33.5 122.5,33.5 122.5,33.0 122,33 122.0,33.5</coordinates></LinearRing></outerBoundaryIs></Polygon>
  </Placemark>
  <Placemark>
	<name></name>
	<Style><LineStyle><color>66ffa000</color><width>1</width></LineStyle><PolyStyle><fill>0</fill></PolyStyle></Style>
	<ExtendedData><SchemaData schemaUrl="#渔区网格">
		<SimpleData name="BM_Name"></SimpleData>
	</SchemaData></ExtendedData>
      <Polygon><outerBoundaryIs><LinearRing><coordinates>122,33 122.5,33.0 122.5,32.5 122.0,32.5 122,33</coordinates></LinearRing></outerBoundaryIs></Polygon>
  </Placemark>
  <Placemark>
	<name></name>
	<Style><LineStyle><color>66ffa000</color><width>1</width></LineStyle><PolyStyle><fill>0</fill></PolyStyle></Style>
	<ExtendedData><SchemaData schemaUrl="#渔区网格">
		<SimpleData name="BM_Name"></SimpleData>
	</SchemaData></ExtendedData>
      <Polygon><outerBoundaryIs><LinearRing><coordinates>122.0,32.5 122.5,32.5 122.5,32.0 122,32 122.0,32.5</coordinates></LinearRing></outerBoundaryIs></Polygon>
  </Placemark>
  <Placemark>
	<name></name>
	<Style><LineStyle><color>66ffa000</color><width>1</width></LineStyle><PolyStyle><fill>0</fill></PolyStyle></Style>
	<ExtendedData><SchemaData schemaUrl="#渔区网格">
		<SimpleData name="BM_Name"></SimpleData>
	</SchemaData></ExtendedData>
      <Polygon><outerBoundaryIs><LinearRing><coordinates>122,32 122.5,32.0 122.5,31.5 122.0,31.5 122,32</coordinates></LinearRing></outerBoundaryIs></Polygon>
  </Placemark>
  <Placemark>
	<name></name>
	<Style><LineStyle><color>66ffa000</color><width>1</width></LineStyle><PolyStyle><fill>0</fill></PolyStyle></Style>
	<ExtendedData><SchemaData schemaUrl="#渔区网格">
		<SimpleData name="BM_Name"></SimpleData>
	</SchemaData></ExtendedData>
      <Polygon><outerBoundaryIs><LinearRing><coordinates>122.0,31.5 122.5,31.5 122.5,31.0 122,31 122.0,31.5</coordinates></LinearRing></outerBoundaryIs></Polygon>
  </Placemark>
  <Placemark>
	<name></name>
	<Style><LineStyle><color>66ffa000</color><width>1</width></LineStyle><PolyStyle><fill>0</fill></PolyStyle></Style>
	<ExtendedData><SchemaData schemaUrl="#渔区网格">
		<SimpleData name="BM_Name"></SimpleData>
	</SchemaData></ExtendedData>
      <Polygon><outerBoundaryIs><LinearRing><coordinates>122,31 122.5,31.0 122.5,30.5 122.0,30.5 122,31</coordinates></LinearRing></outerBoundaryIs></Polygon>
  </Placemark>
  <Placemark>
	<name></name>
	<Style><LineStyle><color>66ffa000</color><width>1</width></LineStyle><PolyStyle><fill>0</fill></PolyStyle></Style>
	<ExtendedData><SchemaData schemaUrl="#渔区网格">
		<SimpleData name="BM_Name"></SimpleData>
	</SchemaData></ExtendedData>
      <Polygon><outerBoundaryIs><LinearRing><coordinates>122.0,30.5 122.5,30.5 122.5,30.0 122,30 122.0,30.5</coordinates></LinearRing></outerBoundaryIs></Polygon>
  </Placemark>
  <Placemark>
	<name></name>
	<Style><LineStyle><color>66ffa000</color><width>1</width></LineStyle><PolyStyle><fill>0</fill></PolyStyle></Style>
	<ExtendedData><SchemaData schemaUrl="#渔区网格">
		<SimpleData name="BM_Name"></SimpleData>
	</SchemaData></ExtendedData>
      <Polygon><outerBoundaryIs><LinearRing><coordinates>122,30 122.5,30.0 122.5,29.5 122.0,29.5 122,30</coordinates></LinearRing></outerBoundaryIs></Polygon>
  </Placemark>
  <Placemark>
	<name></name>
	<Style><LineStyle><color>66ffa000</color><width>1</width></LineStyle><PolyStyle><fill>0</fill></PolyStyle></Style>
	<ExtendedData><SchemaData schemaUrl="#渔区网格">
		<SimpleData name="BM_Name"></SimpleData>
	</SchemaData></ExtendedData>
      <Polygon><outerBoundaryIs><LinearRing><coordinates>122.0,29.5 122.5,29.5 122.5,29.0 122,29 122.0,29.5</coordinates></LinearRing></outerBoundaryIs></Polygon>
  </Placemark>
  <Placemark>
	<name></name>
	<Style><LineStyle><color>66ffa000</color><width>1</width></LineStyle><PolyStyle><fill>0</fill></PolyStyle></Style>
	<ExtendedData><SchemaData schemaUrl="#渔区网格">
		<SimpleData name="BM_Name"></SimpleData>
	</SchemaData></ExtendedData>
      <Polygon><outerBoundaryIs><LinearRing><coordinates>122,29 122.5,29.0 122.5,28.5 122.0,28.5 122,29</coordinates></LinearRing></outerBoundaryIs></Polygon>
  </Placemark>
  <Placemark>
	<name></name>
	<Style><LineStyle><color>66ffa000</color><width>1</width></LineStyle><PolyStyle><fill>0</fill></PolyStyle></Style>
	<ExtendedData><SchemaData schemaUrl="#渔区网格">
		<SimpleData name="BM_Name"></SimpleData>
	</SchemaData></ExtendedData>
      <Polygon><outerBoundaryIs><LinearRing><coordinates>122.0,28.5 122.5,28.5 122.5,28.0 122,28 122.0,28.5</coordinates></LinearRing></outerBoundaryIs></Polygon>
  </Placemark>
  <Placemark>
	<name></name>
	<Style><LineStyle><color>66ffa000</color><width>1</width></LineStyle><PolyStyle><fill>0</fill></PolyStyle></Style>
	<ExtendedData><SchemaData schemaUrl="#渔区网格">
		<SimpleData name="BM_Name"></SimpleData>
	</SchemaData></ExtendedData>
      <Polygon><outerBoundaryIs><LinearRing><coordinates>122,28 122.5,28.0 122.5,27.5 122.0,27.5 122,28</coordinates></LinearRing></outerBoundaryIs></Polygon>
  </Placemark>
  <Placemark>
	<name></name>
	<Style><LineStyle><color>66ffa000</color><width>1</width></LineStyle><PolyStyle><fill>0</fill></PolyStyle></Style>
	<ExtendedData><SchemaData schemaUrl="#渔区网格">
		<SimpleData name="BM_Name"></SimpleData>
	</SchemaData></ExtendedData>
      <Polygon><outerBoundaryIs><LinearRing><coordinates>122.0,27.5 122.5,27.5 122.5,27.0 122,27 122.0,27.5</coordinates></LinearRing></outerBoundaryIs></Polygon>
  </Placemark>
  <Placemark>
	<name></name>
	<Style><LineStyle><color>66ffa000</color><width>1</width></LineStyle><PolyStyle><fill>0</fill></PolyStyle></Style>
	<ExtendedData><SchemaData schemaUrl="#渔区网格">
		<SimpleData name="BM_Name"></SimpleData>
	</SchemaData></ExtendedData>
      <Polygon><outerBoundaryIs><LinearRing><coordinates>122,27 122.5,27.0 122.5,26.5 122.0,26.5 122,27</coordinates></LinearRing></outerBoundaryIs></Polygon>
  </Placemark>
  <Placemark>
	<name></name>
	<Style><LineStyle><color>66ffa000</color><width>1</width></LineStyle><PolyStyle><fill>0</fill></PolyStyle></Style>
	<ExtendedData><SchemaData schemaUrl="#渔区网格">
		<SimpleData name="BM_Name"></SimpleData>
	</SchemaData></ExtendedData>
      <Polygon><outerBoundaryIs><LinearRing><coordinates>122.0,26.5 122.5,26.5 122.5,26.0 122,26 122.0,26.5</coordinates></LinearRing></outerBoundaryIs></Polygon>
  </Placemark>
  <Placemark>
	<name></name>
	<Style><LineStyle><color>66ffa000</color><width>1</width></LineStyle><PolyStyle><fill>0</fill></PolyStyle></Style>
	<ExtendedData><SchemaData schemaUrl="#渔区网格">
		<SimpleData name="BM_Name"></SimpleData>
	</SchemaData></ExtendedData>
      <Polygon><outerBoundaryIs><LinearRing><coordinates>122,26 122.5,26.0 122.5,25.5 122.0,25.5 122,26</coordinates></LinearRing></outerBoundaryIs></Polygon>
  </Placemark>
  <Placemark>
	<name></name>
	<Style><LineStyle><color>66ffa000</color><width>1</width></LineStyle><PolyStyle><fill>0</fill></PolyStyle></Style>
	<ExtendedData><SchemaData schemaUrl="#渔区网格">
		<SimpleData name="BM_Name"></SimpleData>
	</SchemaData></ExtendedData>
      <Polygon><outerBoundaryIs><LinearRing><coordinates>122.0,25.5 122.5,25.5 122.5,25.0 122,25 122.0,25.5</coordinates></LinearRing></outerBoundaryIs></Polygon>
  </Placemark>
  <Placemark>
	<name></name>
	<Style><LineStyle><color>66ffa000</color><width>1</width></LineStyle><PolyStyle><fill>0</fill></PolyStyle></Style>
	<ExtendedData><SchemaData schemaUrl="#渔区网格">
		<SimpleData name="BM_Name"></SimpleData>
	</SchemaData></ExtendedData>
      <Polygon><outerBoundaryIs><LinearRing><coordinates>122,25 122.5,25.0 122.5,24.5 122.0,24.5 122,25</coordinates></LinearRing></outerBoundaryIs></Polygon>
  </Placemark>
  <Placemark>
	<name></name>
	<Style><LineStyle><color>66ffa000</color><width>1</width></LineStyle><PolyStyle><fill>0</fill></PolyStyle></Style>
	<ExtendedData><SchemaData schemaUrl="#渔区网格">
		<SimpleData name="BM_Name"></SimpleData>
	</SchemaData></ExtendedData>
      <Polygon><outerBoundaryIs><LinearRing><coordinates>122.0,24.5 122.5,24.5 122.5,24.0 122,24 122.0,24.5</coordinates></LinearRing></outerBoundaryIs></Polygon>
  </Placemark>
  <Placemark>
	<name></name>
	<Style><LineStyle><color>66ffa000</color><width>1</width></LineStyle><PolyStyle><fill>0</fill></PolyStyle></Style>
	<ExtendedData><SchemaData schemaUrl="#渔区网格">
		<SimpleData name="BM_Name"></SimpleData>
	</SchemaData></ExtendedData>
      <Polygon><outerBoundaryIs><LinearRing><coordinates>122,24 122.5,24.0 122.5,23.5 122.0,23.5 122,24</coordinates></LinearRing></outerBoundaryIs></Polygon>
  </Placemark>
  <Placemark>
	<name></name>
	<Style><LineStyle><color>66ffa000</color><width>1</width></LineStyle><PolyStyle><fill>0</fill></PolyStyle></Style>
	<ExtendedData><SchemaData schemaUrl="#渔区网格">
		<SimpleData name="BM_Name"></SimpleData>
	</SchemaData></ExtendedData>
      <Polygon><outerBoundaryIs><LinearRing><coordinates>122.0,23.5 122.5,23.5 122.5,23.0 122,23 122.0,23.5</coordinates></LinearRing></outerBoundaryIs></Polygon>
  </Placemark>
  <Placemark>
	<name></name>
	<Style><LineStyle><color>66ffa000</color><width>1</width></LineStyle><PolyStyle><fill>0</fill></PolyStyle></Style>
	<ExtendedData><SchemaData schemaUrl="#渔区网格">
		<SimpleData name="BM_Name"></SimpleData>
	</SchemaData></ExtendedData>
      <Polygon><outerBoundaryIs><LinearRing><coordinates>122,23 122.5,23.0 122.5,22.5 122.0,22.5 122,23</coordinates></LinearRing></outerBoundaryIs></Polygon>
  </Placemark>
  <Placemark>
	<name></name>
	<Style><LineStyle><color>66ffa000</color><width>1</width></LineStyle><PolyStyle><fill>0</fill></PolyStyle></Style>
	<ExtendedData><SchemaData schemaUrl="#渔区网格">
		<SimpleData name="BM_Name"></SimpleData>
	</SchemaData></ExtendedData>
      <Polygon><outerBoundaryIs><LinearRing><coordinates>122.0,22.5 122.5,22.5 122.5,22.0 122,22 122.0,22.5</coordinates></LinearRing></outerBoundaryIs></Polygon>
  </Placemark>
  <Placemark>
	<name></name>
	<Style><LineStyle><color>66ffa000</color><width>1</width></LineStyle><PolyStyle><fill>0</fill></PolyStyle></Style>
	<ExtendedData><SchemaData schemaUrl="#渔区网格">
		<SimpleData name="BM_Name"></SimpleData>
	</SchemaData></ExtendedData>
      <Polygon><outerBoundaryIs><LinearRing><coordinates>122.5,40.0 123,40 123.0,39.5 122.5,39.5 122.5,40.0</coordinates></LinearRing></outerBoundaryIs></Polygon>
  </Placemark>
  <Placemark>
	<name></name>
	<Style><LineStyle><color>66ffa000</color><width>1</width></LineStyle><PolyStyle><fill>0</fill></PolyStyle></Style>
	<ExtendedData><SchemaData schemaUrl="#渔区网格">
		<SimpleData name="BM_Name"></SimpleData>
	</SchemaData></ExtendedData>
      <Polygon><outerBoundaryIs><LinearRing><coordinates>122.5,39.5 123.0,39.5 123,39 122.5,39.0 122.5,39.5</coordinates></LinearRing></outerBoundaryIs></Polygon>
  </Placemark>
  <Placemark>
	<name></name>
	<Style><LineStyle><color>66ffa000</color><width>1</width></LineStyle><PolyStyle><fill>0</fill></PolyStyle></Style>
	<ExtendedData><SchemaData schemaUrl="#渔区网格">
		<SimpleData name="BM_Name"></SimpleData>
	</SchemaData></ExtendedData>
      <Polygon><outerBoundaryIs><LinearRing><coordinates>122.5,39.0 123,39 123.0,38.5 122.5,38.5 122.5,39.0</coordinates></LinearRing></outerBoundaryIs></Polygon>
  </Placemark>
  <Placemark>
	<name></name>
	<Style><LineStyle><color>66ffa000</color><width>1</width></LineStyle><PolyStyle><fill>0</fill></PolyStyle></Style>
	<ExtendedData><SchemaData schemaUrl="#渔区网格">
		<SimpleData name="BM_Name"></SimpleData>
	</SchemaData></ExtendedData>
      <Polygon><outerBoundaryIs><LinearRing><coordinates>122.5,38.5 123.0,38.5 123,38 122.5,38.0 122.5,38.5</coordinates></LinearRing></outerBoundaryIs></Polygon>
  </Placemark>
  <Placemark>
	<name></name>
	<Style><LineStyle><color>66ffa000</color><width>1</width></LineStyle><PolyStyle><fill>0</fill></PolyStyle></Style>
	<ExtendedData><SchemaData schemaUrl="#渔区网格">
		<SimpleData name="BM_Name"></SimpleData>
	</SchemaData></ExtendedData>
      <Polygon><outerBoundaryIs><LinearRing><coordinates>122.5,38.0 123,38 123.0,37.5 122.5,37.5 122.5,38.0</coordinates></LinearRing></outerBoundaryIs></Polygon>
  </Placemark>
  <Placemark>
	<name></name>
	<Style><LineStyle><color>66ffa000</color><width>1</width></LineStyle><PolyStyle><fill>0</fill></PolyStyle></Style>
	<ExtendedData><SchemaData schemaUrl="#渔区网格">
		<SimpleData name="BM_Name"></SimpleData>
	</SchemaData></ExtendedData>
      <Polygon><outerBoundaryIs><LinearRing><coordinates>122.5,37.5 123.0,37.5 123,37 122.5,37.0 122.5,37.5</coordinates></LinearRing></outerBoundaryIs></Polygon>
  </Placemark>
  <Placemark>
	<name></name>
	<Style><LineStyle><color>66ffa000</color><width>1</width></LineStyle><PolyStyle><fill>0</fill></PolyStyle></Style>
	<ExtendedData><SchemaData schemaUrl="#渔区网格">
		<SimpleData name="BM_Name"></SimpleData>
	</SchemaData></ExtendedData>
      <Polygon><outerBoundaryIs><LinearRing><coordinates>122.5,37.0 123,37 123.0,36.5 122.5,36.5 122.5,37.0</coordinates></LinearRing></outerBoundaryIs></Polygon>
  </Placemark>
  <Placemark>
	<name></name>
	<Style><LineStyle><color>66ffa000</color><width>1</width></LineStyle><PolyStyle><fill>0</fill></PolyStyle></Style>
	<ExtendedData><SchemaData schemaUrl="#渔区网格">
		<SimpleData name="BM_Name"></SimpleData>
	</SchemaData></ExtendedData>
      <Polygon><outerBoundaryIs><LinearRing><coordinates>122.5,36.5 123.0,36.5 123,36 122.5,36.0 122.5,36.5</coordinates></LinearRing></outerBoundaryIs></Polygon>
  </Placemark>
  <Placemark>
	<name></name>
	<Style><LineStyle><color>66ffa000</color><width>1</width></LineStyle><PolyStyle><fill>0</fill></PolyStyle></Style>
	<ExtendedData><SchemaData schemaUrl="#渔区网格">
		<SimpleData name="BM_Name"></SimpleData>
	</SchemaData></ExtendedData>
      <Polygon><outerBoundaryIs><LinearRing><coordinates>122.5,36.0 123,36 123.0,35.5 122.5,35.5 122.5,36.0</coordinates></LinearRing></outerBoundaryIs></Polygon>
  </Placemark>
  <Placemark>
	<name></name>
	<Style><LineStyle><color>66ffa000</color><width>1</width></LineStyle><PolyStyle><fill>0</fill></PolyStyle></Style>
	<ExtendedData><SchemaData schemaUrl="#渔区网格">
		<SimpleData name="BM_Name"></SimpleData>
	</SchemaData></ExtendedData>
      <Polygon><outerBoundaryIs><LinearRing><coordinates>122.5,35.5 123.0,35.5 123,35 122.5,35.0 122.5,35.5</coordinates></LinearRing></outerBoundaryIs></Polygon>
  </Placemark>
  <Placemark>
	<name></name>
	<Style><LineStyle><color>66ffa000</color><width>1</width></LineStyle><PolyStyle><fill>0</fill></PolyStyle></Style>
	<ExtendedData><SchemaData schemaUrl="#渔区网格">
		<SimpleData name="BM_Name"></SimpleData>
	</SchemaData></ExtendedData>
      <Polygon><outerBoundaryIs><LinearRing><coordinates>122.5,35.0 123,35 123.0,34.5 122.5,34.5 122.5,35.0</coordinates></LinearRing></outerBoundaryIs></Polygon>
  </Placemark>
  <Placemark>
	<name></name>
	<Style><LineStyle><color>66ffa000</color><width>1</width></LineStyle><PolyStyle><fill>0</fill></PolyStyle></Style>
	<ExtendedData><SchemaData schemaUrl="#渔区网格">
		<SimpleData name="BM_Name"></SimpleData>
	</SchemaData></ExtendedData>
      <Polygon><outerBoundaryIs><LinearRing><coordinates>122.5,34.5 123.0,34.5 123,34 122.5,34.0 122.5,34.5</coordinates></LinearRing></outerBoundaryIs></Polygon>
  </Placemark>
  <Placemark>
	<name></name>
	<Style><LineStyle><color>66ffa000</color><width>1</width></LineStyle><PolyStyle><fill>0</fill></PolyStyle></Style>
	<ExtendedData><SchemaData schemaUrl="#渔区网格">
		<SimpleData name="BM_Name"></SimpleData>
	</SchemaData></ExtendedData>
      <Polygon><outerBoundaryIs><LinearRing><coordinates>122.5,34.0 123,34 123.0,33.5 122.5,33.5 122.5,34.0</coordinates></LinearRing></outerBoundaryIs></Polygon>
  </Placemark>
  <Placemark>
	<name></name>
	<Style><LineStyle><color>66ffa000</color><width>1</width></LineStyle><PolyStyle><fill>0</fill></PolyStyle></Style>
	<ExtendedData><SchemaData schemaUrl="#渔区网格">
		<SimpleData name="BM_Name"></SimpleData>
	</SchemaData></ExtendedData>
      <Polygon><outerBoundaryIs><LinearRing><coordinates>122.5,33.5 123.0,33.5 123,33 122.5,33.0 122.5,33.5</coordinates></LinearRing></outerBoundaryIs></Polygon>
  </Placemark>
  <Placemark>
	<name></name>
	<Style><LineStyle><color>66ffa000</color><width>1</width></LineStyle><PolyStyle><fill>0</fill></PolyStyle></Style>
	<ExtendedData><SchemaData schemaUrl="#渔区网格">
		<SimpleData name="BM_Name"></SimpleData>
	</SchemaData></ExtendedData>
      <Polygon><outerBoundaryIs><LinearRing><coordinates>122.5,33.0 123,33 123.0,32.5 122.5,32.5 122.5,33.0</coordinates></LinearRing></outerBoundaryIs></Polygon>
  </Placemark>
  <Placemark>
	<name></name>
	<Style><LineStyle><color>66ffa000</color><width>1</width></LineStyle><PolyStyle><fill>0</fill></PolyStyle></Style>
	<ExtendedData><SchemaData schemaUrl="#渔区网格">
		<SimpleData name="BM_Name"></SimpleData>
	</SchemaData></ExtendedData>
      <Polygon><outerBoundaryIs><LinearRing><coordinates>122.5,32.5 123.0,32.5 123,32 122.5,32.0 122.5,32.5</coordinates></LinearRing></outerBoundaryIs></Polygon>
  </Placemark>
  <Placemark>
	<name></name>
	<Style><LineStyle><color>66ffa000</color><width>1</width></LineStyle><PolyStyle><fill>0</fill></PolyStyle></Style>
	<ExtendedData><SchemaData schemaUrl="#渔区网格">
		<SimpleData name="BM_Name"></SimpleData>
	</SchemaData></ExtendedData>
      <Polygon><outerBoundaryIs><LinearRing><coordinates>122.5,32.0 123,32 123.0,31.5 122.5,31.5 122.5,32.0</coordinates></LinearRing></outerBoundaryIs></Polygon>
  </Placemark>
  <Placemark>
	<name></name>
	<Style><LineStyle><color>66ffa000</color><width>1</width></LineStyle><PolyStyle><fill>0</fill></PolyStyle></Style>
	<ExtendedData><SchemaData schemaUrl="#渔区网格">
		<SimpleData name="BM_Name"></SimpleData>
	</SchemaData></ExtendedData>
      <Polygon><outerBoundaryIs><LinearRing><coordinates>122.5,31.5 123.0,31.5 123,31 122.5,31.0 122.5,31.5</coordinates></LinearRing></outerBoundaryIs></Polygon>
  </Placemark>
  <Placemark>
	<name></name>
	<Style><LineStyle><color>66ffa000</color><width>1</width></LineStyle><PolyStyle><fill>0</fill></PolyStyle></Style>
	<ExtendedData><SchemaData schemaUrl="#渔区网格">
		<SimpleData name="BM_Name"></SimpleData>
	</SchemaData></ExtendedData>
      <Polygon><outerBoundaryIs><LinearRing><coordinates>122.5,31.0 123,31 123.0,30.5 122.5,30.5 122.5,31.0</coordinates></LinearRing></outerBoundaryIs></Polygon>
  </Placemark>
  <Placemark>
	<name></name>
	<Style><LineStyle><color>66ffa000</color><width>1</width></LineStyle><PolyStyle><fill>0</fill></PolyStyle></Style>
	<ExtendedData><SchemaData schemaUrl="#渔区网格">
		<SimpleData name="BM_Name"></SimpleData>
	</SchemaData></ExtendedData>
      <Polygon><outerBoundaryIs><LinearRing><coordinates>122.5,30.5 123.0,30.5 123,30 122.5,30.0 122.5,30.5</coordinates></LinearRing></outerBoundaryIs></Polygon>
  </Placemark>
  <Placemark>
	<name></name>
	<Style><LineStyle><color>66ffa000</color><width>1</width></LineStyle><PolyStyle><fill>0</fill></PolyStyle></Style>
	<ExtendedData><SchemaData schemaUrl="#渔区网格">
		<SimpleData name="BM_Name"></SimpleData>
	</SchemaData></ExtendedData>
      <Polygon><outerBoundaryIs><LinearRing><coordinates>122.5,30.0 123,30 123.0,29.5 122.5,29.5 122.5,30.0</coordinates></LinearRing></outerBoundaryIs></Polygon>
  </Placemark>
  <Placemark>
	<name></name>
	<Style><LineStyle><color>66ffa000</color><width>1</width></LineStyle><PolyStyle><fill>0</fill></PolyStyle></Style>
	<ExtendedData><SchemaData schemaUrl="#渔区网格">
		<SimpleData name="BM_Name"></SimpleData>
	</SchemaData></ExtendedData>
      <Polygon><outerBoundaryIs><LinearRing><coordinates>122.5,29.5 123.0,29.5 123,29 122.5,29.0 122.5,29.5</coordinates></LinearRing></outerBoundaryIs></Polygon>
  </Placemark>
  <Placemark>
	<name></name>
	<Style><LineStyle><color>66ffa000</color><width>1</width></LineStyle><PolyStyle><fill>0</fill></PolyStyle></Style>
	<ExtendedData><SchemaData schemaUrl="#渔区网格">
		<SimpleData name="BM_Name"></SimpleData>
	</SchemaData></ExtendedData>
      <Polygon><outerBoundaryIs><LinearRing><coordinates>122.5,29.0 123,29 123.0,28.5 122.5,28.5 122.5,29.0</coordinates></LinearRing></outerBoundaryIs></Polygon>
  </Placemark>
  <Placemark>
	<name></name>
	<Style><LineStyle><color>66ffa000</color><width>1</width></LineStyle><PolyStyle><fill>0</fill></PolyStyle></Style>
	<ExtendedData><SchemaData schemaUrl="#渔区网格">
		<SimpleData name="BM_Name"></SimpleData>
	</SchemaData></ExtendedData>
      <Polygon><outerBoundaryIs><LinearRing><coordinates>122.5,28.5 123.0,28.5 123,28 122.5,28.0 122.5,28.5</coordinates></LinearRing></outerBoundaryIs></Polygon>
  </Placemark>
  <Placemark>
	<name></name>
	<Style><LineStyle><color>66ffa000</color><width>1</width></LineStyle><PolyStyle><fill>0</fill></PolyStyle></Style>
	<ExtendedData><SchemaData schemaUrl="#渔区网格">
		<SimpleData name="BM_Name"></SimpleData>
	</SchemaData></ExtendedData>
      <Polygon><outerBoundaryIs><LinearRing><coordinates>122.5,28.0 123,28 123.0,27.5 122.5,27.5 122.5,28.0</coordinates></LinearRing></outerBoundaryIs></Polygon>
  </Placemark>
  <Placemark>
	<name></name>
	<Style><LineStyle><color>66ffa000</color><width>1</width></LineStyle><PolyStyle><fill>0</fill></PolyStyle></Style>
	<ExtendedData><SchemaData schemaUrl="#渔区网格">
		<SimpleData name="BM_Name"></SimpleData>
	</SchemaData></ExtendedData>
      <Polygon><outerBoundaryIs><LinearRing><coordinates>122.5,27.5 123.0,27.5 123,27 122.5,27.0 122.5,27.5</coordinates></LinearRing></outerBoundaryIs></Polygon>
  </Placemark>
  <Placemark>
	<name></name>
	<Style><LineStyle><color>66ffa000</color><width>1</width></LineStyle><PolyStyle><fill>0</fill></PolyStyle></Style>
	<ExtendedData><SchemaData schemaUrl="#渔区网格">
		<SimpleData name="BM_Name"></SimpleData>
	</SchemaData></ExtendedData>
      <Polygon><outerBoundaryIs><LinearRing><coordinates>122.5,27.0 123,27 123.0,26.5 122.5,26.5 122.5,27.0</coordinates></LinearRing></outerBoundaryIs></Polygon>
  </Placemark>
  <Placemark>
	<name></name>
	<Style><LineStyle><color>66ffa000</color><width>1</width></LineStyle><PolyStyle><fill>0</fill></PolyStyle></Style>
	<ExtendedData><SchemaData schemaUrl="#渔区网格">
		<SimpleData name="BM_Name"></SimpleData>
	</SchemaData></ExtendedData>
      <Polygon><outerBoundaryIs><LinearRing><coordinates>122.5,26.5 123.0,26.5 123,26 122.5,26.0 122.5,26.5</coordinates></LinearRing></outerBoundaryIs></Polygon>
  </Placemark>
  <Placemark>
	<name></name>
	<Style><LineStyle><color>66ffa000</color><width>1</width></LineStyle><PolyStyle><fill>0</fill></PolyStyle></Style>
	<ExtendedData><SchemaData schemaUrl="#渔区网格">
		<SimpleData name="BM_Name"></SimpleData>
	</SchemaData></ExtendedData>
      <Polygon><outerBoundaryIs><LinearRing><coordinates>122.5,26.0 123,26 123.0,25.5 122.5,25.5 122.5,26.0</coordinates></LinearRing></outerBoundaryIs></Polygon>
  </Placemark>
  <Placemark>
	<name></name>
	<Style><LineStyle><color>66ffa000</color><width>1</width></LineStyle><PolyStyle><fill>0</fill></PolyStyle></Style>
	<ExtendedData><SchemaData schemaUrl="#渔区网格">
		<SimpleData name="BM_Name"></SimpleData>
	</SchemaData></ExtendedData>
      <Polygon><outerBoundaryIs><LinearRing><coordinates>122.5,25.5 123.0,25.5 123,25 122.5,25.0 122.5,25.5</coordinates></LinearRing></outerBoundaryIs></Polygon>
  </Placemark>
  <Placemark>
	<name></name>
	<Style><LineStyle><color>66ffa000</color><width>1</width></LineStyle><PolyStyle><fill>0</fill></PolyStyle></Style>
	<ExtendedData><SchemaData schemaUrl="#渔区网格">
		<SimpleData name="BM_Name"></SimpleData>
	</SchemaData></ExtendedData>
      <Polygon><outerBoundaryIs><LinearRing><coordinates>122.5,25.0 123,25 123.0,24.5 122.5,24.5 122.5,25.0</coordinates></LinearRing></outerBoundaryIs></Polygon>
  </Placemark>
  <Placemark>
	<name></name>
	<Style><LineStyle><color>66ffa000</color><width>1</width></LineStyle><PolyStyle><fill>0</fill></PolyStyle></Style>
	<ExtendedData><SchemaData schemaUrl="#渔区网格">
		<SimpleData name="BM_Name"></SimpleData>
	</SchemaData></ExtendedData>
      <Polygon><outerBoundaryIs><LinearRing><coordinates>122.5,24.5 123.0,24.5 123,24 122.5,24.0 122.5,24.5</coordinates></LinearRing></outerBoundaryIs></Polygon>
  </Placemark>
  <Placemark>
	<name></name>
	<Style><LineStyle><color>66ffa000</color><width>1</width></LineStyle><PolyStyle><fill>0</fill></PolyStyle></Style>
	<ExtendedData><SchemaData schemaUrl="#渔区网格">
		<SimpleData name="BM_Name"></SimpleData>
	</SchemaData></ExtendedData>
      <Polygon><outerBoundaryIs><LinearRing><coordinates>122.5,24.0 123,24 123.0,23.5 122.5,23.5 122.5,24.0</coordinates></LinearRing></outerBoundaryIs></Polygon>
  </Placemark>
  <Placemark>
	<name></name>
	<Style><LineStyle><color>66ffa000</color><width>1</width></LineStyle><PolyStyle><fill>0</fill></PolyStyle></Style>
	<ExtendedData><SchemaData schemaUrl="#渔区网格">
		<SimpleData name="BM_Name"></SimpleData>
	</SchemaData></ExtendedData>
      <Polygon><outerBoundaryIs><LinearRing><coordinates>122.5,23.5 123.0,23.5 123,23 122.5,23.0 122.5,23.5</coordinates></LinearRing></outerBoundaryIs></Polygon>
  </Placemark>
  <Placemark>
	<name></name>
	<Style><LineStyle><color>66ffa000</color><width>1</width></LineStyle><PolyStyle><fill>0</fill></PolyStyle></Style>
	<ExtendedData><SchemaData schemaUrl="#渔区网格">
		<SimpleData name="BM_Name"></SimpleData>
	</SchemaData></ExtendedData>
      <Polygon><outerBoundaryIs><LinearRing><coordinates>123,40 123.5,40.0 123.5,39.5 123.0,39.5 123,40</coordinates></LinearRing></outerBoundaryIs></Polygon>
  </Placemark>
  <Placemark>
	<name></name>
	<Style><LineStyle><color>66ffa000</color><width>1</width></LineStyle><PolyStyle><fill>0</fill></PolyStyle></Style>
	<ExtendedData><SchemaData schemaUrl="#渔区网格">
		<SimpleData name="BM_Name"></SimpleData>
	</SchemaData></ExtendedData>
      <Polygon><outerBoundaryIs><LinearRing><coordinates>123.0,39.5 123.5,39.5 123.5,39.0 123,39 123.0,39.5</coordinates></LinearRing></outerBoundaryIs></Polygon>
  </Placemark>
  <Placemark>
	<name></name>
	<Style><LineStyle><color>66ffa000</color><width>1</width></LineStyle><PolyStyle><fill>0</fill></PolyStyle></Style>
	<ExtendedData><SchemaData schemaUrl="#渔区网格">
		<SimpleData name="BM_Name"></SimpleData>
	</SchemaData></ExtendedData>
      <Polygon><outerBoundaryIs><LinearRing><coordinates>123,39 123.5,39.0 123.5,38.5 123.0,38.5 123,39</coordinates></LinearRing></outerBoundaryIs></Polygon>
  </Placemark>
  <Placemark>
	<name></name>
	<Style><LineStyle><color>66ffa000</color><width>1</width></LineStyle><PolyStyle><fill>0</fill></PolyStyle></Style>
	<ExtendedData><SchemaData schemaUrl="#渔区网格">
		<SimpleData name="BM_Name"></SimpleData>
	</SchemaData></ExtendedData>
      <Polygon><outerBoundaryIs><LinearRing><coordinates>123.0,38.5 123.5,38.5 123.5,38.0 123,38 123.0,38.5</coordinates></LinearRing></outerBoundaryIs></Polygon>
  </Placemark>
  <Placemark>
	<name></name>
	<Style><LineStyle><color>66ffa000</color><width>1</width></LineStyle><PolyStyle><fill>0</fill></PolyStyle></Style>
	<ExtendedData><SchemaData schemaUrl="#渔区网格">
		<SimpleData name="BM_Name"></SimpleData>
	</SchemaData></ExtendedData>
      <Polygon><outerBoundaryIs><LinearRing><coordinates>123,38 123.5,38.0 123.5,37.5 123.0,37.5 123,38</coordinates></LinearRing></outerBoundaryIs></Polygon>
  </Placemark>
  <Placemark>
	<name></name>
	<Style><LineStyle><color>66ffa000</color><width>1</width></LineStyle><PolyStyle><fill>0</fill></PolyStyle></Style>
	<ExtendedData><SchemaData schemaUrl="#渔区网格">
		<SimpleData name="BM_Name"></SimpleData>
	</SchemaData></ExtendedData>
      <Polygon><outerBoundaryIs><LinearRing><coordinates>123.0,37.5 123.5,37.5 123.5,37.0 123,37 123.0,37.5</coordinates></LinearRing></outerBoundaryIs></Polygon>
  </Placemark>
  <Placemark>
	<name></name>
	<Style><LineStyle><color>66ffa000</color><width>1</width></LineStyle><PolyStyle><fill>0</fill></PolyStyle></Style>
	<ExtendedData><SchemaData schemaUrl="#渔区网格">
		<SimpleData name="BM_Name"></SimpleData>
	</SchemaData></ExtendedData>
      <Polygon><outerBoundaryIs><LinearRing><coordinates>123,37 123.5,37.0 123.5,36.5 123.0,36.5 123,37</coordinates></LinearRing></outerBoundaryIs></Polygon>
  </Placemark>
  <Placemark>
	<name></name>
	<Style><LineStyle><color>66ffa000</color><width>1</width></LineStyle><PolyStyle><fill>0</fill></PolyStyle></Style>
	<ExtendedData><SchemaData schemaUrl="#渔区网格">
		<SimpleData name="BM_Name"></SimpleData>
	</SchemaData></ExtendedData>
      <Polygon><outerBoundaryIs><LinearRing><coordinates>123.0,36.5 123.5,36.5 123.5,36.0 123,36 123.0,36.5</coordinates></LinearRing></outerBoundaryIs></Polygon>
  </Placemark>
  <Placemark>
	<name></name>
	<Style><LineStyle><color>66ffa000</color><width>1</width></LineStyle><PolyStyle><fill>0</fill></PolyStyle></Style>
	<ExtendedData><SchemaData schemaUrl="#渔区网格">
		<SimpleData name="BM_Name"></SimpleData>
	</SchemaData></ExtendedData>
      <Polygon><outerBoundaryIs><LinearRing><coordinates>123,36 123.5,36.0 123.5,35.5 123.0,35.5 123,36</coordinates></LinearRing></outerBoundaryIs></Polygon>
  </Placemark>
  <Placemark>
	<name></name>
	<Style><LineStyle><color>66ffa000</color><width>1</width></LineStyle><PolyStyle><fill>0</fill></PolyStyle></Style>
	<ExtendedData><SchemaData schemaUrl="#渔区网格">
		<SimpleData name="BM_Name"></SimpleData>
	</SchemaData></ExtendedData>
      <Polygon><outerBoundaryIs><LinearRing><coordinates>123.0,35.5 123.5,35.5 123.5,35.0 123,35 123.0,35.5</coordinates></LinearRing></outerBoundaryIs></Polygon>
  </Placemark>
  <Placemark>
	<name></name>
	<Style><LineStyle><color>66ffa000</color><width>1</width></LineStyle><PolyStyle><fill>0</fill></PolyStyle></Style>
	<ExtendedData><SchemaData schemaUrl="#渔区网格">
		<SimpleData name="BM_Name"></SimpleData>
	</SchemaData></ExtendedData>
      <Polygon><outerBoundaryIs><LinearRing><coordinates>123,35 123.5,35.0 123.5,34.5 123.0,34.5 123,35</coordinates></LinearRing></outerBoundaryIs></Polygon>
  </Placemark>
  <Placemark>
	<name></name>
	<Style><LineStyle><color>66ffa000</color><width>1</width></LineStyle><PolyStyle><fill>0</fill></PolyStyle></Style>
	<ExtendedData><SchemaData schemaUrl="#渔区网格">
		<SimpleData name="BM_Name"></SimpleData>
	</SchemaData></ExtendedData>
      <Polygon><outerBoundaryIs><LinearRing><coordinates>123.0,34.5 123.5,34.5 123.5,34.0 123,34 123.0,34.5</coordinates></LinearRing></outerBoundaryIs></Polygon>
  </Placemark>
  <Placemark>
	<name></name>
	<Style><LineStyle><color>66ffa000</color><width>1</width></LineStyle><PolyStyle><fill>0</fill></PolyStyle></Style>
	<ExtendedData><SchemaData schemaUrl="#渔区网格">
		<SimpleData name="BM_Name"></SimpleData>
	</SchemaData></ExtendedData>
      <Polygon><outerBoundaryIs><LinearRing><coordinates>123,34 123.5,34.0 123.5,33.5 123.0,33.5 123,34</coordinates></LinearRing></outerBoundaryIs></Polygon>
  </Placemark>
  <Placemark>
	<name></name>
	<Style><LineStyle><color>66ffa000</color><width>1</width></LineStyle><PolyStyle><fill>0</fill></PolyStyle></Style>
	<ExtendedData><SchemaData schemaUrl="#渔区网格">
		<SimpleData name="BM_Name"></SimpleData>
	</SchemaData></ExtendedData>
      <Polygon><outerBoundaryIs><LinearRing><coordinates>123.0,33.5 123.5,33.5 123.5,33.0 123,33 123.0,33.5</coordinates></LinearRing></outerBoundaryIs></Polygon>
  </Placemark>
  <Placemark>
	<name></name>
	<Style><LineStyle><color>66ffa000</color><width>1</width></LineStyle><PolyStyle><fill>0</fill></PolyStyle></Style>
	<ExtendedData><SchemaData schemaUrl="#渔区网格">
		<SimpleData name="BM_Name"></SimpleData>
	</SchemaData></ExtendedData>
      <Polygon><outerBoundaryIs><LinearRing><coordinates>123,33 123.5,33.0 123.5,32.5 123.0,32.5 123,33</coordinates></LinearRing></outerBoundaryIs></Polygon>
  </Placemark>
  <Placemark>
	<name></name>
	<Style><LineStyle><color>66ffa000</color><width>1</width></LineStyle><PolyStyle><fill>0</fill></PolyStyle></Style>
	<ExtendedData><SchemaData schemaUrl="#渔区网格">
		<SimpleData name="BM_Name"></SimpleData>
	</SchemaData></ExtendedData>
      <Polygon><outerBoundaryIs><LinearRing><coordinates>123.0,32.5 123.5,32.5 123.5,32.0 123,32 123.0,32.5</coordinates></LinearRing></outerBoundaryIs></Polygon>
  </Placemark>
  <Placemark>
	<name></name>
	<Style><LineStyle><color>66ffa000</color><width>1</width></LineStyle><PolyStyle><fill>0</fill></PolyStyle></Style>
	<ExtendedData><SchemaData schemaUrl="#渔区网格">
		<SimpleData name="BM_Name"></SimpleData>
	</SchemaData></ExtendedData>
      <Polygon><outerBoundaryIs><LinearRing><coordinates>123,32 123.5,32.0 123.5,31.5 123.0,31.5 123,32</coordinates></LinearRing></outerBoundaryIs></Polygon>
  </Placemark>
  <Placemark>
	<name></name>
	<Style><LineStyle><color>66ffa000</color><width>1</width></LineStyle><PolyStyle><fill>0</fill></PolyStyle></Style>
	<ExtendedData><SchemaData schemaUrl="#渔区网格">
		<SimpleData name="BM_Name"></SimpleData>
	</SchemaData></ExtendedData>
      <Polygon><outerBoundaryIs><LinearRing><coordinates>123.0,31.5 123.5,31.5 123.5,31.0 123,31 123.0,31.5</coordinates></LinearRing></outerBoundaryIs></Polygon>
  </Placemark>
  <Placemark>
	<name></name>
	<Style><LineStyle><color>66ffa000</color><width>1</width></LineStyle><PolyStyle><fill>0</fill></PolyStyle></Style>
	<ExtendedData><SchemaData schemaUrl="#渔区网格">
		<SimpleData name="BM_Name"></SimpleData>
	</SchemaData></ExtendedData>
      <Polygon><outerBoundaryIs><LinearRing><coordinates>123,31 123.5,31.0 123.5,30.5 123.0,30.5 123,31</coordinates></LinearRing></outerBoundaryIs></Polygon>
  </Placemark>
  <Placemark>
	<name></name>
	<Style><LineStyle><color>66ffa000</color><width>1</width></LineStyle><PolyStyle><fill>0</fill></PolyStyle></Style>
	<ExtendedData><SchemaData schemaUrl="#渔区网格">
		<SimpleData name="BM_Name"></SimpleData>
	</SchemaData></ExtendedData>
      <Polygon><outerBoundaryIs><LinearRing><coordinates>123.0,30.5 123.5,30.5 123.5,30.0 123,30 123.0,30.5</coordinates></LinearRing></outerBoundaryIs></Polygon>
  </Placemark>
  <Placemark>
	<name></name>
	<Style><LineStyle><color>66ffa000</color><width>1</width></LineStyle><PolyStyle><fill>0</fill></PolyStyle></Style>
	<ExtendedData><SchemaData schemaUrl="#渔区网格">
		<SimpleData name="BM_Name"></SimpleData>
	</SchemaData></ExtendedData>
      <Polygon><outerBoundaryIs><LinearRing><coordinates>123,30 123.5,30.0 123.5,29.5 123.0,29.5 123,30</coordinates></LinearRing></outerBoundaryIs></Polygon>
  </Placemark>
  <Placemark>
	<name></name>
	<Style><LineStyle><color>66ffa000</color><width>1</width></LineStyle><PolyStyle><fill>0</fill></PolyStyle></Style>
	<ExtendedData><SchemaData schemaUrl="#渔区网格">
		<SimpleData name="BM_Name"></SimpleData>
	</SchemaData></ExtendedData>
      <Polygon><outerBoundaryIs><LinearRing><coordinates>123.0,29.5 123.5,29.5 123.5,29.0 123,29 123.0,29.5</coordinates></LinearRing></outerBoundaryIs></Polygon>
  </Placemark>
  <Placemark>
	<name></name>
	<Style><LineStyle><color>66ffa000</color><width>1</width></LineStyle><PolyStyle><fill>0</fill></PolyStyle></Style>
	<ExtendedData><SchemaData schemaUrl="#渔区网格">
		<SimpleData name="BM_Name"></SimpleData>
	</SchemaData></ExtendedData>
      <Polygon><outerBoundaryIs><LinearRing><coordinates>123,29 123.5,29.0 123.5,28.5 123.0,28.5 123,29</coordinates></LinearRing></outerBoundaryIs></Polygon>
  </Placemark>
  <Placemark>
	<name></name>
	<Style><LineStyle><color>66ffa000</color><width>1</width></LineStyle><PolyStyle><fill>0</fill></PolyStyle></Style>
	<ExtendedData><SchemaData schemaUrl="#渔区网格">
		<SimpleData name="BM_Name"></SimpleData>
	</SchemaData></ExtendedData>
      <Polygon><outerBoundaryIs><LinearRing><coordinates>123.0,28.5 123.5,28.5 123.5,28.0 123,28 123.0,28.5</coordinates></LinearRing></outerBoundaryIs></Polygon>
  </Placemark>
  <Placemark>
	<name></name>
	<Style><LineStyle><color>66ffa000</color><width>1</width></LineStyle><PolyStyle><fill>0</fill></PolyStyle></Style>
	<ExtendedData><SchemaData schemaUrl="#渔区网格">
		<SimpleData name="BM_Name"></SimpleData>
	</SchemaData></ExtendedData>
      <Polygon><outerBoundaryIs><LinearRing><coordinates>123,28 123.5,28.0 123.5,27.5 123.0,27.5 123,28</coordinates></LinearRing></outerBoundaryIs></Polygon>
  </Placemark>
  <Placemark>
	<name></name>
	<Style><LineStyle><color>66ffa000</color><width>1</width></LineStyle><PolyStyle><fill>0</fill></PolyStyle></Style>
	<ExtendedData><SchemaData schemaUrl="#渔区网格">
		<SimpleData name="BM_Name"></SimpleData>
	</SchemaData></ExtendedData>
      <Polygon><outerBoundaryIs><LinearRing><coordinates>123.0,27.5 123.5,27.5 123.5,27.0 123,27 123.0,27.5</coordinates></LinearRing></outerBoundaryIs></Polygon>
  </Placemark>
  <Placemark>
	<name></name>
	<Style><LineStyle><color>66ffa000</color><width>1</width></LineStyle><PolyStyle><fill>0</fill></PolyStyle></Style>
	<ExtendedData><SchemaData schemaUrl="#渔区网格">
		<SimpleData name="BM_Name"></SimpleData>
	</SchemaData></ExtendedData>
      <Polygon><outerBoundaryIs><LinearRing><coordinates>123,27 123.5,27.0 123.5,26.5 123.0,26.5 123,27</coordinates></LinearRing></outerBoundaryIs></Polygon>
  </Placemark>
  <Placemark>
	<name></name>
	<Style><LineStyle><color>66ffa000</color><width>1</width></LineStyle><PolyStyle><fill>0</fill></PolyStyle></Style>
	<ExtendedData><SchemaData schemaUrl="#渔区网格">
		<SimpleData name="BM_Name"></SimpleData>
	</SchemaData></ExtendedData>
      <Polygon><outerBoundaryIs><LinearRing><coordinates>123.0,26.5 123.5,26.5 123.5,26.0 123,26 123.0,26.5</coordinates></LinearRing></outerBoundaryIs></Polygon>
  </Placemark>
  <Placemark>
	<name></name>
	<Style><LineStyle><color>66ffa000</color><width>1</width></LineStyle><PolyStyle><fill>0</fill></PolyStyle></Style>
	<ExtendedData><SchemaData schemaUrl="#渔区网格">
		<SimpleData name="BM_Name"></SimpleData>
	</SchemaData></ExtendedData>
      <Polygon><outerBoundaryIs><LinearRing><coordinates>123,26 123.5,26.0 123.5,25.5 123.0,25.5 123,26</coordinates></LinearRing></outerBoundaryIs></Polygon>
  </Placemark>
  <Placemark>
	<name></name>
	<Style><LineStyle><color>66ffa000</color><width>1</width></LineStyle><PolyStyle><fill>0</fill></PolyStyle></Style>
	<ExtendedData><SchemaData schemaUrl="#渔区网格">
		<SimpleData name="BM_Name"></SimpleData>
	</SchemaData></ExtendedData>
      <Polygon><outerBoundaryIs><LinearRing><coordinates>123.0,25.5 123.5,25.5 123.5,25.0 123,25 123.0,25.5</coordinates></LinearRing></outerBoundaryIs></Polygon>
  </Placemark>
  <Placemark>
	<name></name>
	<Style><LineStyle><color>66ffa000</color><width>1</width></LineStyle><PolyStyle><fill>0</fill></PolyStyle></Style>
	<ExtendedData><SchemaData schemaUrl="#渔区网格">
		<SimpleData name="BM_Name"></SimpleData>
	</SchemaData></ExtendedData>
      <Polygon><outerBoundaryIs><LinearRing><coordinates>123,25 123.5,25.0 123.5,24.5 123.0,24.5 123,25</coordinates></LinearRing></outerBoundaryIs></Polygon>
  </Placemark>
  <Placemark>
	<name></name>
	<Style><LineStyle><color>66ffa000</color><width>1</width></LineStyle><PolyStyle><fill>0</fill></PolyStyle></Style>
	<ExtendedData><SchemaData schemaUrl="#渔区网格">
		<SimpleData name="BM_Name"></SimpleData>
	</SchemaData></ExtendedData>
      <Polygon><outerBoundaryIs><LinearRing><coordinates>123.0,24.5 123.5,24.5 123.5,24.0 123,24 123.0,24.5</coordinates></LinearRing></outerBoundaryIs></Polygon>
  </Placemark>
  <Placemark>
	<name></name>
	<Style><LineStyle><color>66ffa000</color><width>1</width></LineStyle><PolyStyle><fill>0</fill></PolyStyle></Style>
	<ExtendedData><SchemaData schemaUrl="#渔区网格">
		<SimpleData name="BM_Name"></SimpleData>
	</SchemaData></ExtendedData>
      <Polygon><outerBoundaryIs><LinearRing><coordinates>123.5,40.0 124,40 124.0,39.5 123.5,39.5 123.5,40.0</coordinates></LinearRing></outerBoundaryIs></Polygon>
  </Placemark>
  <Placemark>
	<name></name>
	<Style><LineStyle><color>66ffa000</color><width>1</width></LineStyle><PolyStyle><fill>0</fill></PolyStyle></Style>
	<ExtendedData><SchemaData schemaUrl="#渔区网格">
		<SimpleData name="BM_Name"></SimpleData>
	</SchemaData></ExtendedData>
      <Polygon><outerBoundaryIs><LinearRing><coordinates>123.5,39.5 124.0,39.5 124,39 123.5,39.0 123.5,39.5</coordinates></LinearRing></outerBoundaryIs></Polygon>
  </Placemark>
  <Placemark>
	<name></name>
	<Style><LineStyle><color>66ffa000</color><width>1</width></LineStyle><PolyStyle><fill>0</fill></PolyStyle></Style>
	<ExtendedData><SchemaData schemaUrl="#渔区网格">
		<SimpleData name="BM_Name"></SimpleData>
	</SchemaData></ExtendedData>
      <Polygon><outerBoundaryIs><LinearRing><coordinates>123.5,39.0 124,39 124.0,38.5 123.5,38.5 123.5,39.0</coordinates></LinearRing></outerBoundaryIs></Polygon>
  </Placemark>
  <Placemark>
	<name></name>
	<Style><LineStyle><color>66ffa000</color><width>1</width></LineStyle><PolyStyle><fill>0</fill></PolyStyle></Style>
	<ExtendedData><SchemaData schemaUrl="#渔区网格">
		<SimpleData name="BM_Name"></SimpleData>
	</SchemaData></ExtendedData>
      <Polygon><outerBoundaryIs><LinearRing><coordinates>123.5,38.5 124.0,38.5 124,38 123.5,38.0 123.5,38.5</coordinates></LinearRing></outerBoundaryIs></Polygon>
  </Placemark>
  <Placemark>
	<name></name>
	<Style><LineStyle><color>66ffa000</color><width>1</width></LineStyle><PolyStyle><fill>0</fill></PolyStyle></Style>
	<ExtendedData><SchemaData schemaUrl="#渔区网格">
		<SimpleData name="BM_Name"></SimpleData>
	</SchemaData></ExtendedData>
      <Polygon><outerBoundaryIs><LinearRing><coordinates>123.5,38.0 124,38 124.0,37.5 123.5,37.5 123.5,38.0</coordinates></LinearRing></outerBoundaryIs></Polygon>
  </Placemark>
  <Placemark>
	<name></name>
	<Style><LineStyle><color>66ffa000</color><width>1</width></LineStyle><PolyStyle><fill>0</fill></PolyStyle></Style>
	<ExtendedData><SchemaData schemaUrl="#渔区网格">
		<SimpleData name="BM_Name"></SimpleData>
	</SchemaData></ExtendedData>
      <Polygon><outerBoundaryIs><LinearRing><coordinates>123.5,37.5 124.0,37.5 124,37 123.5,37.0 123.5,37.5</coordinates></LinearRing></outerBoundaryIs></Polygon>
  </Placemark>
  <Placemark>
	<name></name>
	<Style><LineStyle><color>66ffa000</color><width>1</width></LineStyle><PolyStyle><fill>0</fill></PolyStyle></Style>
	<ExtendedData><SchemaData schemaUrl="#渔区网格">
		<SimpleData name="BM_Name"></SimpleData>
	</SchemaData></ExtendedData>
      <Polygon><outerBoundaryIs><LinearRing><coordinates>123.5,37.0 124,37 124.0,36.5 123.5,36.5 123.5,37.0</coordinates></LinearRing></outerBoundaryIs></Polygon>
  </Placemark>
  <Placemark>
	<name></name>
	<Style><LineStyle><color>66ffa000</color><width>1</width></LineStyle><PolyStyle><fill>0</fill></PolyStyle></Style>
	<ExtendedData><SchemaData schemaUrl="#渔区网格">
		<SimpleData name="BM_Name"></SimpleData>
	</SchemaData></ExtendedData>
      <Polygon><outerBoundaryIs><LinearRing><coordinates>123.5,36.5 124.0,36.5 124,36 123.5,36.0 123.5,36.5</coordinates></LinearRing></outerBoundaryIs></Polygon>
  </Placemark>
  <Placemark>
	<name></name>
	<Style><LineStyle><color>66ffa000</color><width>1</width></LineStyle><PolyStyle><fill>0</fill></PolyStyle></Style>
	<ExtendedData><SchemaData schemaUrl="#渔区网格">
		<SimpleData name="BM_Name"></SimpleData>
	</SchemaData></ExtendedData>
      <Polygon><outerBoundaryIs><LinearRing><coordinates>123.5,36.0 124,36 124.0,35.5 123.5,35.5 123.5,36.0</coordinates></LinearRing></outerBoundaryIs></Polygon>
  </Placemark>
  <Placemark>
	<name></name>
	<Style><LineStyle><color>66ffa000</color><width>1</width></LineStyle><PolyStyle><fill>0</fill></PolyStyle></Style>
	<ExtendedData><SchemaData schemaUrl="#渔区网格">
		<SimpleData name="BM_Name"></SimpleData>
	</SchemaData></ExtendedData>
      <Polygon><outerBoundaryIs><LinearRing><coordinates>123.5,35.5 124.0,35.5 124,35 123.5,35.0 123.5,35.5</coordinates></LinearRing></outerBoundaryIs></Polygon>
  </Placemark>
  <Placemark>
	<name></name>
	<Style><LineStyle><color>66ffa000</color><width>1</width></LineStyle><PolyStyle><fill>0</fill></PolyStyle></Style>
	<ExtendedData><SchemaData schemaUrl="#渔区网格">
		<SimpleData name="BM_Name"></SimpleData>
	</SchemaData></ExtendedData>
      <Polygon><outerBoundaryIs><LinearRing><coordinates>123.5,35.0 124,35 124.0,34.5 123.5,34.5 123.5,35.0</coordinates></LinearRing></outerBoundaryIs></Polygon>
  </Placemark>
  <Placemark>
	<name></name>
	<Style><LineStyle><color>66ffa000</color><width>1</width></LineStyle><PolyStyle><fill>0</fill></PolyStyle></Style>
	<ExtendedData><SchemaData schemaUrl="#渔区网格">
		<SimpleData name="BM_Name"></SimpleData>
	</SchemaData></ExtendedData>
      <Polygon><outerBoundaryIs><LinearRing><coordinates>123.5,34.5 124.0,34.5 124,34 123.5,34.0 123.5,34.5</coordinates></LinearRing></outerBoundaryIs></Polygon>
  </Placemark>
  <Placemark>
	<name></name>
	<Style><LineStyle><color>66ffa000</color><width>1</width></LineStyle><PolyStyle><fill>0</fill></PolyStyle></Style>
	<ExtendedData><SchemaData schemaUrl="#渔区网格">
		<SimpleData name="BM_Name"></SimpleData>
	</SchemaData></ExtendedData>
      <Polygon><outerBoundaryIs><LinearRing><coordinates>123.5,34.0 124,34 124.0,33.5 123.5,33.5 123.5,34.0</coordinates></LinearRing></outerBoundaryIs></Polygon>
  </Placemark>
  <Placemark>
	<name></name>
	<Style><LineStyle><color>66ffa000</color><width>1</width></LineStyle><PolyStyle><fill>0</fill></PolyStyle></Style>
	<ExtendedData><SchemaData schemaUrl="#渔区网格">
		<SimpleData name="BM_Name"></SimpleData>
	</SchemaData></ExtendedData>
      <Polygon><outerBoundaryIs><LinearRing><coordinates>123.5,33.5 124.0,33.5 124,33 123.5,33.0 123.5,33.5</coordinates></LinearRing></outerBoundaryIs></Polygon>
  </Placemark>
  <Placemark>
	<name></name>
	<Style><LineStyle><color>66ffa000</color><width>1</width></LineStyle><PolyStyle><fill>0</fill></PolyStyle></Style>
	<ExtendedData><SchemaData schemaUrl="#渔区网格">
		<SimpleData name="BM_Name"></SimpleData>
	</SchemaData></ExtendedData>
      <Polygon><outerBoundaryIs><LinearRing><coordinates>123.5,33.0 124,33 124.0,32.5 123.5,32.5 123.5,33.0</coordinates></LinearRing></outerBoundaryIs></Polygon>
  </Placemark>
  <Placemark>
	<name></name>
	<Style><LineStyle><color>66ffa000</color><width>1</width></LineStyle><PolyStyle><fill>0</fill></PolyStyle></Style>
	<ExtendedData><SchemaData schemaUrl="#渔区网格">
		<SimpleData name="BM_Name"></SimpleData>
	</SchemaData></ExtendedData>
      <Polygon><outerBoundaryIs><LinearRing><coordinates>123.5,32.5 124.0,32.5 124,32 123.5,32.0 123.5,32.5</coordinates></LinearRing></outerBoundaryIs></Polygon>
  </Placemark>
  <Placemark>
	<name></name>
	<Style><LineStyle><color>66ffa000</color><width>1</width></LineStyle><PolyStyle><fill>0</fill></PolyStyle></Style>
	<ExtendedData><SchemaData schemaUrl="#渔区网格">
		<SimpleData name="BM_Name"></SimpleData>
	</SchemaData></ExtendedData>
      <Polygon><outerBoundaryIs><LinearRing><coordinates>123.5,32.0 124,32 124.0,31.5 123.5,31.5 123.5,32.0</coordinates></LinearRing></outerBoundaryIs></Polygon>
  </Placemark>
  <Placemark>
	<name></name>
	<Style><LineStyle><color>66ffa000</color><width>1</width></LineStyle><PolyStyle><fill>0</fill></PolyStyle></Style>
	<ExtendedData><SchemaData schemaUrl="#渔区网格">
		<SimpleData name="BM_Name"></SimpleData>
	</SchemaData></ExtendedData>
      <Polygon><outerBoundaryIs><LinearRing><coordinates>123.5,31.5 124.0,31.5 124,31 123.5,31.0 123.5,31.5</coordinates></LinearRing></outerBoundaryIs></Polygon>
  </Placemark>
  <Placemark>
	<name></name>
	<Style><LineStyle><color>66ffa000</color><width>1</width></LineStyle><PolyStyle><fill>0</fill></PolyStyle></Style>
	<ExtendedData><SchemaData schemaUrl="#渔区网格">
		<SimpleData name="BM_Name"></SimpleData>
	</SchemaData></ExtendedData>
      <Polygon><outerBoundaryIs><LinearRing><coordinates>123.5,31.0 124,31 124.0,30.5 123.5,30.5 123.5,31.0</coordinates></LinearRing></outerBoundaryIs></Polygon>
  </Placemark>
  <Placemark>
	<name></name>
	<Style><LineStyle><color>66ffa000</color><width>1</width></LineStyle><PolyStyle><fill>0</fill></PolyStyle></Style>
	<ExtendedData><SchemaData schemaUrl="#渔区网格">
		<SimpleData name="BM_Name"></SimpleData>
	</SchemaData></ExtendedData>
      <Polygon><outerBoundaryIs><LinearRing><coordinates>123.5,30.5 124.0,30.5 124,30 123.5,30.0 123.5,30.5</coordinates></LinearRing></outerBoundaryIs></Polygon>
  </Placemark>
  <Placemark>
	<name></name>
	<Style><LineStyle><color>66ffa000</color><width>1</width></LineStyle><PolyStyle><fill>0</fill></PolyStyle></Style>
	<ExtendedData><SchemaData schemaUrl="#渔区网格">
		<SimpleData name="BM_Name"></SimpleData>
	</SchemaData></ExtendedData>
      <Polygon><outerBoundaryIs><LinearRing><coordinates>123.5,30.0 124,30 124.0,29.5 123.5,29.5 123.5,30.0</coordinates></LinearRing></outerBoundaryIs></Polygon>
  </Placemark>
  <Placemark>
	<name></name>
	<Style><LineStyle><color>66ffa000</color><width>1</width></LineStyle><PolyStyle><fill>0</fill></PolyStyle></Style>
	<ExtendedData><SchemaData schemaUrl="#渔区网格">
		<SimpleData name="BM_Name"></SimpleData>
	</SchemaData></ExtendedData>
      <Polygon><outerBoundaryIs><LinearRing><coordinates>123.5,29.5 124.0,29.5 124,29 123.5,29.0 123.5,29.5</coordinates></LinearRing></outerBoundaryIs></Polygon>
  </Placemark>
  <Placemark>
	<name></name>
	<Style><LineStyle><color>66ffa000</color><width>1</width></LineStyle><PolyStyle><fill>0</fill></PolyStyle></Style>
	<ExtendedData><SchemaData schemaUrl="#渔区网格">
		<SimpleData name="BM_Name"></SimpleData>
	</SchemaData></ExtendedData>
      <Polygon><outerBoundaryIs><LinearRing><coordinates>123.5,29.0 124,29 124.0,28.5 123.5,28.5 123.5,29.0</coordinates></LinearRing></outerBoundaryIs></Polygon>
  </Placemark>
  <Placemark>
	<name></name>
	<Style><LineStyle><color>66ffa000</color><width>1</width></LineStyle><PolyStyle><fill>0</fill></PolyStyle></Style>
	<ExtendedData><SchemaData schemaUrl="#渔区网格">
		<SimpleData name="BM_Name"></SimpleData>
	</SchemaData></ExtendedData>
      <Polygon><outerBoundaryIs><LinearRing><coordinates>123.5,28.5 124.0,28.5 124,28 123.5,28.0 123.5,28.5</coordinates></LinearRing></outerBoundaryIs></Polygon>
  </Placemark>
  <Placemark>
	<name></name>
	<Style><LineStyle><color>66ffa000</color><width>1</width></LineStyle><PolyStyle><fill>0</fill></PolyStyle></Style>
	<ExtendedData><SchemaData schemaUrl="#渔区网格">
		<SimpleData name="BM_Name"></SimpleData>
	</SchemaData></ExtendedData>
      <Polygon><outerBoundaryIs><LinearRing><coordinates>123.5,28.0 124,28 124.0,27.5 123.5,27.5 123.5,28.0</coordinates></LinearRing></outerBoundaryIs></Polygon>
  </Placemark>
  <Placemark>
	<name></name>
	<Style><LineStyle><color>66ffa000</color><width>1</width></LineStyle><PolyStyle><fill>0</fill></PolyStyle></Style>
	<ExtendedData><SchemaData schemaUrl="#渔区网格">
		<SimpleData name="BM_Name"></SimpleData>
	</SchemaData></ExtendedData>
      <Polygon><outerBoundaryIs><LinearRing><coordinates>123.5,27.5 124.0,27.5 124,27 123.5,27.0 123.5,27.5</coordinates></LinearRing></outerBoundaryIs></Polygon>
  </Placemark>
  <Placemark>
	<name></name>
	<Style><LineStyle><color>66ffa000</color><width>1</width></LineStyle><PolyStyle><fill>0</fill></PolyStyle></Style>
	<ExtendedData><SchemaData schemaUrl="#渔区网格">
		<SimpleData name="BM_Name"></SimpleData>
	</SchemaData></ExtendedData>
      <Polygon><outerBoundaryIs><LinearRing><coordinates>123.5,27.0 124,27 124.0,26.5 123.5,26.5 123.5,27.0</coordinates></LinearRing></outerBoundaryIs></Polygon>
  </Placemark>
  <Placemark>
	<name></name>
	<Style><LineStyle><color>66ffa000</color><width>1</width></LineStyle><PolyStyle><fill>0</fill></PolyStyle></Style>
	<ExtendedData><SchemaData schemaUrl="#渔区网格">
		<SimpleData name="BM_Name"></SimpleData>
	</SchemaData></ExtendedData>
      <Polygon><outerBoundaryIs><LinearRing><coordinates>123.5,26.5 124.0,26.5 124,26 123.5,26.0 123.5,26.5</coordinates></LinearRing></outerBoundaryIs></Polygon>
  </Placemark>
  <Placemark>
	<name></name>
	<Style><LineStyle><color>66ffa000</color><width>1</width></LineStyle><PolyStyle><fill>0</fill></PolyStyle></Style>
	<ExtendedData><SchemaData schemaUrl="#渔区网格">
		<SimpleData name="BM_Name"></SimpleData>
	</SchemaData></ExtendedData>
      <Polygon><outerBoundaryIs><LinearRing><coordinates>123.5,26.0 124,26 124.0,25.5 123.5,25.5 123.5,26.0</coordinates></LinearRing></outerBoundaryIs></Polygon>
  </Placemark>
  <Placemark>
	<name></name>
	<Style><LineStyle><color>66ffa000</color><width>1</width></LineStyle><PolyStyle><fill>0</fill></PolyStyle></Style>
	<ExtendedData><SchemaData schemaUrl="#渔区网格">
		<SimpleData name="BM_Name"></SimpleData>
	</SchemaData></ExtendedData>
      <Polygon><outerBoundaryIs><LinearRing><coordinates>123.5,25.5 124.0,25.5 124,25 123.5,25.0 123.5,25.5</coordinates></LinearRing></outerBoundaryIs></Polygon>
  </Placemark>
  <Placemark>
	<name></name>
	<Style><LineStyle><color>66ffa000</color><width>1</width></LineStyle><PolyStyle><fill>0</fill></PolyStyle></Style>
	<ExtendedData><SchemaData schemaUrl="#渔区网格">
		<SimpleData name="BM_Name"></SimpleData>
	</SchemaData></ExtendedData>
      <Polygon><outerBoundaryIs><LinearRing><coordinates>124,40 124.5,40.0 124.5,39.5 124.0,39.5 124,40</coordinates></LinearRing></outerBoundaryIs></Polygon>
  </Placemark>
  <Placemark>
	<name>韩特定禁区</name>
	<Style><LineStyle><color>ff0000ff</color><width>1.13386</width></LineStyle><PolyStyle><color>7f3535b5</color></PolyStyle></Style>
	<ExtendedData><SchemaData schemaUrl="#渔区网格">
		<SimpleData name="BM_Name"></SimpleData>
	</SchemaData></ExtendedData>
      <Polygon><outerBoundaryIs><LinearRing><coordinates>124,37 124.0,37.5 124,38 124.5,38.0 125,38 125.5,38.0 126,38 126.5,38.0 126.5,37.5 127.0,37.5 127,37 126.5,37.0 126,37 125.5,37.0 125,37 124.5,37.0 124,37</coordinates></LinearRing></outerBoundaryIs></Polygon>
  </Placemark>
  <Placemark>
	<name></name>
	<Style><LineStyle><color>66ffa000</color><width>1</width></LineStyle><PolyStyle><fill>0</fill></PolyStyle></Style>
	<ExtendedData><SchemaData schemaUrl="#渔区网格">
		<SimpleData name="BM_Name"></SimpleData>
	</SchemaData></ExtendedData>
      <Polygon><outerBoundaryIs><LinearRing><coordinates>124,37 124.5,37.0 124.5,36.5 124.0,36.5 124,37</coordinates></LinearRing></outerBoundaryIs></Polygon>
  </Placemark>
  <Placemark>
	<name></name>
	<Style><LineStyle><color>66ffa000</color><width>1</width></LineStyle><PolyStyle><fill>0</fill></PolyStyle></Style>
	<ExtendedData><SchemaData schemaUrl="#渔区网格">
		<SimpleData name="BM_Name"></SimpleData>
	</SchemaData></ExtendedData>
      <Polygon><outerBoundaryIs><LinearRing><coordinates>124.0,36.5 124.5,36.5 124.5,36.0 124,36 124.0,36.5</coordinates></LinearRing></outerBoundaryIs></Polygon>
  </Placemark>
  <Placemark>
	<name></name>
	<Style><LineStyle><color>66ffa000</color><width>1</width></LineStyle><PolyStyle><fill>0</fill></PolyStyle></Style>
	<ExtendedData><SchemaData schemaUrl="#渔区网格">
		<SimpleData name="BM_Name"></SimpleData>
	</SchemaData></ExtendedData>
      <Polygon><outerBoundaryIs><LinearRing><coordinates>124,36 124.5,36.0 124.5,35.5 124.0,35.5 124,36</coordinates></LinearRing></outerBoundaryIs></Polygon>
  </Placemark>
  <Placemark>
	<name></name>
	<Style><LineStyle><color>66ffa000</color><width>1</width></LineStyle><PolyStyle><fill>0</fill></PolyStyle></Style>
	<ExtendedData><SchemaData schemaUrl="#渔区网格">
		<SimpleData name="BM_Name"></SimpleData>
	</SchemaData></ExtendedData>
      <Polygon><outerBoundaryIs><LinearRing><coordinates>124.0,35.5 124.5,35.5 124.5,35.0 124,35 124.0,35.5</coordinates></LinearRing></outerBoundaryIs></Polygon>
  </Placemark>
  <Placemark>
	<name></name>
	<Style><LineStyle><color>66ffa000</color><width>1</width></LineStyle><PolyStyle><fill>0</fill></PolyStyle></Style>
	<ExtendedData><SchemaData schemaUrl="#渔区网格">
		<SimpleData name="BM_Name"></SimpleData>
	</SchemaData></ExtendedData>
      <Polygon><outerBoundaryIs><LinearRing><coordinates>124,35 124.5,35.0 124.5,34.5 124.0,34.5 124,35</coordinates></LinearRing></outerBoundaryIs></Polygon>
  </Placemark>
  <Placemark>
	<name></name>
	<Style><LineStyle><color>66ffa000</color><width>1</width></LineStyle><PolyStyle><fill>0</fill></PolyStyle></Style>
	<ExtendedData><SchemaData schemaUrl="#渔区网格">
		<SimpleData name="BM_Name"></SimpleData>
	</SchemaData></ExtendedData>
      <Polygon><outerBoundaryIs><LinearRing><coordinates>124.0,34.5 124.5,34.5 124.5,34.0 124,34 124.0,34.5</coordinates></LinearRing></outerBoundaryIs></Polygon>
  </Placemark>
  <Placemark>
	<name></name>
	<Style><LineStyle><color>66ffa000</color><width>1</width></LineStyle><PolyStyle><fill>0</fill></PolyStyle></Style>
	<ExtendedData><SchemaData schemaUrl="#渔区网格">
		<SimpleData name="BM_Name"></SimpleData>
	</SchemaData></ExtendedData>
      <Polygon><outerBoundaryIs><LinearRing><coordinates>124,34 124.5,34.0 124.5,33.5 124.0,33.5 124,34</coordinates></LinearRing></outerBoundaryIs></Polygon>
  </Placemark>
  <Placemark>
	<name></name>
	<Style><LineStyle><color>66ffa000</color><width>1</width></LineStyle><PolyStyle><fill>0</fill></PolyStyle></Style>
	<ExtendedData><SchemaData schemaUrl="#渔区网格">
		<SimpleData name="BM_Name"></SimpleData>
	</SchemaData></ExtendedData>
      <Polygon><outerBoundaryIs><LinearRing><coordinates>124.0,33.5 124.5,33.5 124.5,33.0 124,33 124.0,33.5</coordinates></LinearRing></outerBoundaryIs></Polygon>
  </Placemark>
  <Placemark>
	<name></name>
	<Style><LineStyle><color>66ffa000</color><width>1</width></LineStyle><PolyStyle><fill>0</fill></PolyStyle></Style>
	<ExtendedData><SchemaData schemaUrl="#渔区网格">
		<SimpleData name="BM_Name"></SimpleData>
	</SchemaData></ExtendedData>
      <Polygon><outerBoundaryIs><LinearRing><coordinates>124,33 124.5,33.0 124.5,32.5 124.0,32.5 124,33</coordinates></LinearRing></outerBoundaryIs></Polygon>
  </Placemark>
  <Placemark>
	<name></name>
	<Style><LineStyle><color>66ffa000</color><width>1</width></LineStyle><PolyStyle><fill>0</fill></PolyStyle></Style>
	<ExtendedData><SchemaData schemaUrl="#渔区网格">
		<SimpleData name="BM_Name"></SimpleData>
	</SchemaData></ExtendedData>
      <Polygon><outerBoundaryIs><LinearRing><coordinates>124.0,32.5 124.5,32.5 124.5,32.0 124,32 124.0,32.5</coordinates></LinearRing></outerBoundaryIs></Polygon>
  </Placemark>
  <Placemark>
	<name></name>
	<Style><LineStyle><color>66ffa000</color><width>1</width></LineStyle><PolyStyle><fill>0</fill></PolyStyle></Style>
	<ExtendedData><SchemaData schemaUrl="#渔区网格">
		<SimpleData name="BM_Name"></SimpleData>
	</SchemaData></ExtendedData>
      <Polygon><outerBoundaryIs><LinearRing><coordinates>124,32 124.5,32.0 124.5,31.5 124.0,31.5 124,32</coordinates></LinearRing></outerBoundaryIs></Polygon>
  </Placemark>
  <Placemark>
	<name></name>
	<Style><LineStyle><color>66ffa000</color><width>1</width></LineStyle><PolyStyle><fill>0</fill></PolyStyle></Style>
	<ExtendedData><SchemaData schemaUrl="#渔区网格">
		<SimpleData name="BM_Name"></SimpleData>
	</SchemaData></ExtendedData>
      <Polygon><outerBoundaryIs><LinearRing><coordinates>124.0,31.5 124.5,31.5 124.5,31.0 124,31 124.0,31.5</coordinates></LinearRing></outerBoundaryIs></Polygon>
  </Placemark>
  <Placemark>
	<name></name>
	<Style><LineStyle><color>66ffa000</color><width>1</width></LineStyle><PolyStyle><fill>0</fill></PolyStyle></Style>
	<ExtendedData><SchemaData schemaUrl="#渔区网格">
		<SimpleData name="BM_Name"></SimpleData>
	</SchemaData></ExtendedData>
      <Polygon><outerBoundaryIs><LinearRing><coordinates>124,31 124.5,31.0 124.5,30.5 124.0,30.5 124,31</coordinates></LinearRing></outerBoundaryIs></Polygon>
  </Placemark>
  <Placemark>
	<name></name>
	<Style><LineStyle><color>66ffa000</color><width>1</width></LineStyle><PolyStyle><fill>0</fill></PolyStyle></Style>
	<ExtendedData><SchemaData schemaUrl="#渔区网格">
		<SimpleData name="BM_Name"></SimpleData>
	</SchemaData></ExtendedData>
      <Polygon><outerBoundaryIs><LinearRing><coordinates>124.0,30.5 124.5,30.5 124.5,30.0 124,30 124.0,30.5</coordinates></LinearRing></outerBoundaryIs></Polygon>
  </Placemark>
  <Placemark>
	<name></name>
	<Style><LineStyle><color>66ffa000</color><width>1</width></LineStyle><PolyStyle><fill>0</fill></PolyStyle></Style>
	<ExtendedData><SchemaData schemaUrl="#渔区网格">
		<SimpleData name="BM_Name"></SimpleData>
	</SchemaData></ExtendedData>
      <Polygon><outerBoundaryIs><LinearRing><coordinates>124,30 124.5,30.0 124.5,29.5 124.0,29.5 124,30</coordinates></LinearRing></outerBoundaryIs></Polygon>
  </Placemark>
  <Placemark>
	<name></name>
	<Style><LineStyle><color>66ffa000</color><width>1</width></LineStyle><PolyStyle><fill>0</fill></PolyStyle></Style>
	<ExtendedData><SchemaData schemaUrl="#渔区网格">
		<SimpleData name="BM_Name"></SimpleData>
	</SchemaData></ExtendedData>
      <Polygon><outerBoundaryIs><LinearRing><coordinates>124.0,29.5 124.5,29.5 124.5,29.0 124,29 124.0,29.5</coordinates></LinearRing></outerBoundaryIs></Polygon>
  </Placemark>
  <Placemark>
	<name></name>
	<Style><LineStyle><color>66ffa000</color><width>1</width></LineStyle><PolyStyle><fill>0</fill></PolyStyle></Style>
	<ExtendedData><SchemaData schemaUrl="#渔区网格">
		<SimpleData name="BM_Name"></SimpleData>
	</SchemaData></ExtendedData>
      <Polygon><outerBoundaryIs><LinearRing><coordinates>124,29 124.5,29.0 124.5,28.5 124.0,28.5 124,29</coordinates></LinearRing></outerBoundaryIs></Polygon>
  </Placemark>
  <Placemark>
	<name></name>
	<Style><LineStyle><color>66ffa000</color><width>1</width></LineStyle><PolyStyle><fill>0</fill></PolyStyle></Style>
	<ExtendedData><SchemaData schemaUrl="#渔区网格">
		<SimpleData name="BM_Name"></SimpleData>
	</SchemaData></ExtendedData>
      <Polygon><outerBoundaryIs><LinearRing><coordinates>124.0,28.5 124.5,28.5 124.5,28.0 124,28 124.0,28.5</coordinates></LinearRing></outerBoundaryIs></Polygon>
  </Placemark>
  <Placemark>
	<name></name>
	<Style><LineStyle><color>66ffa000</color><width>1</width></LineStyle><PolyStyle><fill>0</fill></PolyStyle></Style>
	<ExtendedData><SchemaData schemaUrl="#渔区网格">
		<SimpleData name="BM_Name"></SimpleData>
	</SchemaData></ExtendedData>
      <Polygon><outerBoundaryIs><LinearRing><coordinates>124,28 124.5,28.0 124.5,27.5 124.0,27.5 124,28</coordinates></LinearRing></outerBoundaryIs></Polygon>
  </Placemark>
  <Placemark>
	<name></name>
	<Style><LineStyle><color>66ffa000</color><width>1</width></LineStyle><PolyStyle><fill>0</fill></PolyStyle></Style>
	<ExtendedData><SchemaData schemaUrl="#渔区网格">
		<SimpleData name="BM_Name"></SimpleData>
	</SchemaData></ExtendedData>
      <Polygon><outerBoundaryIs><LinearRing><coordinates>124.0,27.5 124.5,27.5 124.5,27.0 124,27 124.0,27.5</coordinates></LinearRing></outerBoundaryIs></Polygon>
  </Placemark>
  <Placemark>
	<name></name>
	<Style><LineStyle><color>66ffa000</color><width>1</width></LineStyle><PolyStyle><fill>0</fill></PolyStyle></Style>
	<ExtendedData><SchemaData schemaUrl="#渔区网格">
		<SimpleData name="BM_Name"></SimpleData>
	</SchemaData></ExtendedData>
      <Polygon><outerBoundaryIs><LinearRing><coordinates>124,27 124.5,27.0 124.5,26.5 124.0,26.5 124,27</coordinates></LinearRing></outerBoundaryIs></Polygon>
  </Placemark>
  <Placemark>
	<name></name>
	<Style><LineStyle><color>66ffa000</color><width>1</width></LineStyle><PolyStyle><fill>0</fill></PolyStyle></Style>
	<ExtendedData><SchemaData schemaUrl="#渔区网格">
		<SimpleData name="BM_Name"></SimpleData>
	</SchemaData></ExtendedData>
      <Polygon><outerBoundaryIs><LinearRing><coordinates>124.0,26.5 124.5,26.5 124.5,26.0 124,26 124.0,26.5</coordinates></LinearRing></outerBoundaryIs></Polygon>
  </Placemark>
  <Placemark>
	<name></name>
	<Style><LineStyle><color>66ffa000</color><width>1</width></LineStyle><PolyStyle><fill>0</fill></PolyStyle></Style>
	<ExtendedData><SchemaData schemaUrl="#渔区网格">
		<SimpleData name="BM_Name"></SimpleData>
	</SchemaData></ExtendedData>
      <Polygon><outerBoundaryIs><LinearRing><coordinates>124,26 124.5,26.0 124.5,25.5 124.0,25.5 124,26</coordinates></LinearRing></outerBoundaryIs></Polygon>
  </Placemark>
  <Placemark>
	<name></name>
	<Style><LineStyle><color>66ffa000</color><width>1</width></LineStyle><PolyStyle><fill>0</fill></PolyStyle></Style>
	<ExtendedData><SchemaData schemaUrl="#渔区网格">
		<SimpleData name="BM_Name"></SimpleData>
	</SchemaData></ExtendedData>
      <Polygon><outerBoundaryIs><LinearRing><coordinates>124.0,25.5 124.5,25.5 124.5,25.0 124,25 124.0,25.5</coordinates></LinearRing></outerBoundaryIs></Polygon>
  </Placemark>
  <Placemark>
	<name></name>
	<Style><LineStyle><color>66ffa000</color><width>1</width></LineStyle><PolyStyle><fill>0</fill></PolyStyle></Style>
	<ExtendedData><SchemaData schemaUrl="#渔区网格">
		<SimpleData name="BM_Name"></SimpleData>
	</SchemaData></ExtendedData>
      <Polygon><outerBoundaryIs><LinearRing><coordinates>124.5,37.0 125,37 125.0,36.5 124.5,36.5 124.5,37.0</coordinates></LinearRing></outerBoundaryIs></Polygon>
  </Placemark>
  <Placemark>
	<name></name>
	<Style><LineStyle><color>66ffa000</color><width>1</width></LineStyle><PolyStyle><fill>0</fill></PolyStyle></Style>
	<ExtendedData><SchemaData schemaUrl="#渔区网格">
		<SimpleData name="BM_Name"></SimpleData>
	</SchemaData></ExtendedData>
      <Polygon><outerBoundaryIs><LinearRing><coordinates>124.5,36.5 125.0,36.5 125,36 124.5,36.0 124.5,36.5</coordinates></LinearRing></outerBoundaryIs></Polygon>
  </Placemark>
  <Placemark>
	<name></name>
	<Style><LineStyle><color>66ffa000</color><width>1</width></LineStyle><PolyStyle><fill>0</fill></PolyStyle></Style>
	<ExtendedData><SchemaData schemaUrl="#渔区网格">
		<SimpleData name="BM_Name"></SimpleData>
	</SchemaData></ExtendedData>
      <Polygon><outerBoundaryIs><LinearRing><coordinates>124.5,36.0 125,36 125.0,35.5 124.5,35.5 124.5,36.0</coordinates></LinearRing></outerBoundaryIs></Polygon>
  </Placemark>
  <Placemark>
	<name></name>
	<Style><LineStyle><color>66ffa000</color><width>1</width></LineStyle><PolyStyle><fill>0</fill></PolyStyle></Style>
	<ExtendedData><SchemaData schemaUrl="#渔区网格">
		<SimpleData name="BM_Name"></SimpleData>
	</SchemaData></ExtendedData>
      <Polygon><outerBoundaryIs><LinearRing><coordinates>124.5,35.5 125.0,35.5 125,35 124.5,35.0 124.5,35.5</coordinates></LinearRing></outerBoundaryIs></Polygon>
  </Placemark>
  <Placemark>
	<name></name>
	<Style><LineStyle><color>66ffa000</color><width>1</width></LineStyle><PolyStyle><fill>0</fill></PolyStyle></Style>
	<ExtendedData><SchemaData schemaUrl="#渔区网格">
		<SimpleData name="BM_Name"></SimpleData>
	</SchemaData></ExtendedData>
      <Polygon><outerBoundaryIs><LinearRing><coordinates>124.5,35.0 125,35 125.0,34.5 124.5,34.5 124.5,35.0</coordinates></LinearRing></outerBoundaryIs></Polygon>
  </Placemark>
  <Placemark>
	<name></name>
	<Style><LineStyle><color>66ffa000</color><width>1</width></LineStyle><PolyStyle><fill>0</fill></PolyStyle></Style>
	<ExtendedData><SchemaData schemaUrl="#渔区网格">
		<SimpleData name="BM_Name"></SimpleData>
	</SchemaData></ExtendedData>
      <Polygon><outerBoundaryIs><LinearRing><coordinates>124.5,34.5 125.0,34.5 125,34 124.5,34.0 124.5,34.5</coordinates></LinearRing></outerBoundaryIs></Polygon>
  </Placemark>
  <Placemark>
	<name></name>
	<Style><LineStyle><color>66ffa000</color><width>1</width></LineStyle><PolyStyle><fill>0</fill></PolyStyle></Style>
	<ExtendedData><SchemaData schemaUrl="#渔区网格">
		<SimpleData name="BM_Name"></SimpleData>
	</SchemaData></ExtendedData>
      <Polygon><outerBoundaryIs><LinearRing><coordinates>124.5,34.0 125,34 125.0,33.5 124.5,33.5 124.5,34.0</coordinates></LinearRing></outerBoundaryIs></Polygon>
  </Placemark>
  <Placemark>
	<name></name>
	<Style><LineStyle><color>66ffa000</color><width>1</width></LineStyle><PolyStyle><fill>0</fill></PolyStyle></Style>
	<ExtendedData><SchemaData schemaUrl="#渔区网格">
		<SimpleData name="BM_Name"></SimpleData>
	</SchemaData></ExtendedData>
      <Polygon><outerBoundaryIs><LinearRing><coordinates>124.5,33.5 125.0,33.5 125,33 124.5,33.0 124.5,33.5</coordinates></LinearRing></outerBoundaryIs></Polygon>
  </Placemark>
  <Placemark>
	<name></name>
	<Style><LineStyle><color>66ffa000</color><width>1</width></LineStyle><PolyStyle><fill>0</fill></PolyStyle></Style>
	<ExtendedData><SchemaData schemaUrl="#渔区网格">
		<SimpleData name="BM_Name"></SimpleData>
	</SchemaData></ExtendedData>
      <Polygon><outerBoundaryIs><LinearRing><coordinates>124.5,33.0 125,33 125.0,32.5 124.5,32.5 124.5,33.0</coordinates></LinearRing></outerBoundaryIs></Polygon>
  </Placemark>
  <Placemark>
	<name></name>
	<Style><LineStyle><color>66ffa000</color><width>1</width></LineStyle><PolyStyle><fill>0</fill></PolyStyle></Style>
	<ExtendedData><SchemaData schemaUrl="#渔区网格">
		<SimpleData name="BM_Name"></SimpleData>
	</SchemaData></ExtendedData>
      <Polygon><outerBoundaryIs><LinearRing><coordinates>124.5,32.5 125.0,32.5 125,32 124.5,32.0 124.5,32.5</coordinates></LinearRing></outerBoundaryIs></Polygon>
  </Placemark>
  <Placemark>
	<name></name>
	<Style><LineStyle><color>66ffa000</color><width>1</width></LineStyle><PolyStyle><fill>0</fill></PolyStyle></Style>
	<ExtendedData><SchemaData schemaUrl="#渔区网格">
		<SimpleData name="BM_Name"></SimpleData>
	</SchemaData></ExtendedData>
      <Polygon><outerBoundaryIs><LinearRing><coordinates>124.5,32.0 125,32 125.0,31.5 124.5,31.5 124.5,32.0</coordinates></LinearRing></outerBoundaryIs></Polygon>
  </Placemark>
  <Placemark>
	<name></name>
	<Style><LineStyle><color>66ffa000</color><width>1</width></LineStyle><PolyStyle><fill>0</fill></PolyStyle></Style>
	<ExtendedData><SchemaData schemaUrl="#渔区网格">
		<SimpleData name="BM_Name"></SimpleData>
	</SchemaData></ExtendedData>
      <Polygon><outerBoundaryIs><LinearRing><coordinates>124.5,31.5 125.0,31.5 125,31 124.5,31.0 124.5,31.5</coordinates></LinearRing></outerBoundaryIs></Polygon>
  </Placemark>
  <Placemark>
	<name></name>
	<Style><LineStyle><color>66ffa000</color><width>1</width></LineStyle><PolyStyle><fill>0</fill></PolyStyle></Style>
	<ExtendedData><SchemaData schemaUrl="#渔区网格">
		<SimpleData name="BM_Name"></SimpleData>
	</SchemaData></ExtendedData>
      <Polygon><outerBoundaryIs><LinearRing><coordinates>124.5,31.0 125,31 125.0,30.5 124.5,30.5 124.5,31.0</coordinates></LinearRing></outerBoundaryIs></Polygon>
  </Placemark>
  <Placemark>
	<name></name>
	<Style><LineStyle><color>66ffa000</color><width>1</width></LineStyle><PolyStyle><fill>0</fill></PolyStyle></Style>
	<ExtendedData><SchemaData schemaUrl="#渔区网格">
		<SimpleData name="BM_Name"></SimpleData>
	</SchemaData></ExtendedData>
      <Polygon><outerBoundaryIs><LinearRing><coordinates>124.5,30.5 125.0,30.5 125,30 124.5,30.0 124.5,30.5</coordinates></LinearRing></outerBoundaryIs></Polygon>
  </Placemark>
  <Placemark>
	<name></name>
	<Style><LineStyle><color>66ffa000</color><width>1</width></LineStyle><PolyStyle><fill>0</fill></PolyStyle></Style>
	<ExtendedData><SchemaData schemaUrl="#渔区网格">
		<SimpleData name="BM_Name"></SimpleData>
	</SchemaData></ExtendedData>
      <Polygon><outerBoundaryIs><LinearRing><coordinates>124.5,30.0 125,30 125.0,29.5 124.5,29.5 124.5,30.0</coordinates></LinearRing></outerBoundaryIs></Polygon>
  </Placemark>
  <Placemark>
	<name></name>
	<Style><LineStyle><color>66ffa000</color><width>1</width></LineStyle><PolyStyle><fill>0</fill></PolyStyle></Style>
	<ExtendedData><SchemaData schemaUrl="#渔区网格">
		<SimpleData name="BM_Name"></SimpleData>
	</SchemaData></ExtendedData>
      <Polygon><outerBoundaryIs><LinearRing><coordinates>124.5,29.5 125.0,29.5 125,29 124.5,29.0 124.5,29.5</coordinates></LinearRing></outerBoundaryIs></Polygon>
  </Placemark>
  <Placemark>
	<name></name>
	<Style><LineStyle><color>66ffa000</color><width>1</width></LineStyle><PolyStyle><fill>0</fill></PolyStyle></Style>
	<ExtendedData><SchemaData schemaUrl="#渔区网格">
		<SimpleData name="BM_Name"></SimpleData>
	</SchemaData></ExtendedData>
      <Polygon><outerBoundaryIs><LinearRing><coordinates>124.5,29.0 125,29 125.0,28.5 124.5,28.5 124.5,29.0</coordinates></LinearRing></outerBoundaryIs></Polygon>
  </Placemark>
  <Placemark>
	<name></name>
	<Style><LineStyle><color>66ffa000</color><width>1</width></LineStyle><PolyStyle><fill>0</fill></PolyStyle></Style>
	<ExtendedData><SchemaData schemaUrl="#渔区网格">
		<SimpleData name="BM_Name"></SimpleData>
	</SchemaData></ExtendedData>
      <Polygon><outerBoundaryIs><LinearRing><coordinates>124.5,28.5 125.0,28.5 125,28 124.5,28.0 124.5,28.5</coordinates></LinearRing></outerBoundaryIs></Polygon>
  </Placemark>
  <Placemark>
	<name></name>
	<Style><LineStyle><color>66ffa000</color><width>1</width></LineStyle><PolyStyle><fill>0</fill></PolyStyle></Style>
	<ExtendedData><SchemaData schemaUrl="#渔区网格">
		<SimpleData name="BM_Name"></SimpleData>
	</SchemaData></ExtendedData>
      <Polygon><outerBoundaryIs><LinearRing><coordinates>124.5,28.0 125,28 125.0,27.5 124.5,27.5 124.5,28.0</coordinates></LinearRing></outerBoundaryIs></Polygon>
  </Placemark>
  <Placemark>
	<name></name>
	<Style><LineStyle><color>66ffa000</color><width>1</width></LineStyle><PolyStyle><fill>0</fill></PolyStyle></Style>
	<ExtendedData><SchemaData schemaUrl="#渔区网格">
		<SimpleData name="BM_Name"></SimpleData>
	</SchemaData></ExtendedData>
      <Polygon><outerBoundaryIs><LinearRing><coordinates>124.5,27.5 125.0,27.5 125,27 124.5,27.0 124.5,27.5</coordinates></LinearRing></outerBoundaryIs></Polygon>
  </Placemark>
  <Placemark>
	<name></name>
	<Style><LineStyle><color>66ffa000</color><width>1</width></LineStyle><PolyStyle><fill>0</fill></PolyStyle></Style>
	<ExtendedData><SchemaData schemaUrl="#渔区网格">
		<SimpleData name="BM_Name"></SimpleData>
	</SchemaData></ExtendedData>
      <Polygon><outerBoundaryIs><LinearRing><coordinates>124.5,27.0 125,27 125.0,26.5 124.5,26.5 124.5,27.0</coordinates></LinearRing></outerBoundaryIs></Polygon>
  </Placemark>
  <Placemark>
	<name></name>
	<Style><LineStyle><color>66ffa000</color><width>1</width></LineStyle><PolyStyle><fill>0</fill></PolyStyle></Style>
	<ExtendedData><SchemaData schemaUrl="#渔区网格">
		<SimpleData name="BM_Name"></SimpleData>
	</SchemaData></ExtendedData>
      <Polygon><outerBoundaryIs><LinearRing><coordinates>124.5,26.5 125.0,26.5 125,26 124.5,26.0 124.5,26.5</coordinates></LinearRing></outerBoundaryIs></Polygon>
  </Placemark>
  <Placemark>
	<name></name>
	<Style><LineStyle><color>66ffa000</color><width>1</width></LineStyle><PolyStyle><fill>0</fill></PolyStyle></Style>
	<ExtendedData><SchemaData schemaUrl="#渔区网格">
		<SimpleData name="BM_Name"></SimpleData>
	</SchemaData></ExtendedData>
      <Polygon><outerBoundaryIs><LinearRing><coordinates>124.5,26.0 125,26 125.0,25.5 124.5,25.5 124.5,26.0</coordinates></LinearRing></outerBoundaryIs></Polygon>
  </Placemark>
  <Placemark>
	<name></name>
	<Style><LineStyle><color>66ffa000</color><width>1</width></LineStyle><PolyStyle><fill>0</fill></PolyStyle></Style>
	<ExtendedData><SchemaData schemaUrl="#渔区网格">
		<SimpleData name="BM_Name"></SimpleData>
	</SchemaData></ExtendedData>
      <Polygon><outerBoundaryIs><LinearRing><coordinates>124.5,25.5 125.0,25.5 125,25 124.5,25.0 124.5,25.5</coordinates></LinearRing></outerBoundaryIs></Polygon>
  </Placemark>
  <Placemark>
	<name></name>
	<Style><LineStyle><color>66ffa000</color><width>1</width></LineStyle><PolyStyle><fill>0</fill></PolyStyle></Style>
	<ExtendedData><SchemaData schemaUrl="#渔区网格">
		<SimpleData name="BM_Name"></SimpleData>
	</SchemaData></ExtendedData>
      <Polygon><outerBoundaryIs><LinearRing><coordinates>125,36 125.5,36.0 125.5,35.5 125.0,35.5 125,36</coordinates></LinearRing></outerBoundaryIs></Polygon>
  </Placemark>
  <Placemark>
	<name></name>
	<Style><LineStyle><color>66ffa000</color><width>1</width></LineStyle><PolyStyle><fill>0</fill></PolyStyle></Style>
	<ExtendedData><SchemaData schemaUrl="#渔区网格">
		<SimpleData name="BM_Name"></SimpleData>
	</SchemaData></ExtendedData>
      <Polygon><outerBoundaryIs><LinearRing><coordinates>125.0,35.5 125.5,35.5 125.5,35.0 125,35 125.0,35.5</coordinates></LinearRing></outerBoundaryIs></Polygon>
  </Placemark>
  <Placemark>
	<name></name>
	<Style><LineStyle><color>66ffa000</color><width>1</width></LineStyle><PolyStyle><fill>0</fill></PolyStyle></Style>
	<ExtendedData><SchemaData schemaUrl="#渔区网格">
		<SimpleData name="BM_Name"></SimpleData>
	</SchemaData></ExtendedData>
      <Polygon><outerBoundaryIs><LinearRing><coordinates>125,35 125.5,35.0 125.5,34.5 125.0,34.5 125,35</coordinates></LinearRing></outerBoundaryIs></Polygon>
  </Placemark>
  <Placemark>
	<name></name>
	<Style><LineStyle><color>66ffa000</color><width>1</width></LineStyle><PolyStyle><fill>0</fill></PolyStyle></Style>
	<ExtendedData><SchemaData schemaUrl="#渔区网格">
		<SimpleData name="BM_Name"></SimpleData>
	</SchemaData></ExtendedData>
      <Polygon><outerBoundaryIs><LinearRing><coordinates>125.0,34.5 125.5,34.5 125.5,34.0 125,34 125.0,34.5</coordinates></LinearRing></outerBoundaryIs></Polygon>
  </Placemark>
  <Placemark>
	<name></name>
	<Style><LineStyle><color>66ffa000</color><width>1</width></LineStyle><PolyStyle><fill>0</fill></PolyStyle></Style>
	<ExtendedData><SchemaData schemaUrl="#渔区网格">
		<SimpleData name="BM_Name"></SimpleData>
	</SchemaData></ExtendedData>
      <Polygon><outerBoundaryIs><LinearRing><coordinates>125,34 125.5,34.0 125.5,33.5 125.0,33.5 125,34</coordinates></LinearRing></outerBoundaryIs></Polygon>
  </Placemark>
  <Placemark>
	<name></name>
	<Style><LineStyle><color>66ffa000</color><width>1</width></LineStyle><PolyStyle><fill>0</fill></PolyStyle></Style>
	<ExtendedData><SchemaData schemaUrl="#渔区网格">
		<SimpleData name="BM_Name"></SimpleData>
	</SchemaData></ExtendedData>
      <Polygon><outerBoundaryIs><LinearRing><coordinates>125.0,33.5 125.5,33.5 125.5,33.0 125,33 125.0,33.5</coordinates></LinearRing></outerBoundaryIs></Polygon>
  </Placemark>
  <Placemark>
	<name></name>
	<Style><LineStyle><color>66ffa000</color><width>1</width></LineStyle><PolyStyle><fill>0</fill></PolyStyle></Style>
	<ExtendedData><SchemaData schemaUrl="#渔区网格">
		<SimpleData name="BM_Name"></SimpleData>
	</SchemaData></ExtendedData>
      <Polygon><outerBoundaryIs><LinearRing><coordinates>125,33 125.5,33.0 125.5,32.5 125.0,32.5 125,33</coordinates></LinearRing></outerBoundaryIs></Polygon>
  </Placemark>
  <Placemark>
	<name></name>
	<Style><LineStyle><color>66ffa000</color><width>1</width></LineStyle><PolyStyle><fill>0</fill></PolyStyle></Style>
	<ExtendedData><SchemaData schemaUrl="#渔区网格">
		<SimpleData name="BM_Name"></SimpleData>
	</SchemaData></ExtendedData>
      <Polygon><outerBoundaryIs><LinearRing><coordinates>125.0,32.5 125.5,32.5 125.5,32.0 125,32 125.0,32.5</coordinates></LinearRing></outerBoundaryIs></Polygon>
  </Placemark>
  <Placemark>
	<name></name>
	<Style><LineStyle><color>66ffa000</color><width>1</width></LineStyle><PolyStyle><fill>0</fill></PolyStyle></Style>
	<ExtendedData><SchemaData schemaUrl="#渔区网格">
		<SimpleData name="BM_Name"></SimpleData>
	</SchemaData></ExtendedData>
      <Polygon><outerBoundaryIs><LinearRing><coordinates>125,32 125.5,32.0 125.5,31.5 125.0,31.5 125,32</coordinates></LinearRing></outerBoundaryIs></Polygon>
  </Placemark>
  <Placemark>
	<name></name>
	<Style><LineStyle><color>66ffa000</color><width>1</width></LineStyle><PolyStyle><fill>0</fill></PolyStyle></Style>
	<ExtendedData><SchemaData schemaUrl="#渔区网格">
		<SimpleData name="BM_Name"></SimpleData>
	</SchemaData></ExtendedData>
      <Polygon><outerBoundaryIs><LinearRing><coordinates>125.0,31.5 125.5,31.5 125.5,31.0 125,31 125.0,31.5</coordinates></LinearRing></outerBoundaryIs></Polygon>
  </Placemark>
  <Placemark>
	<name></name>
	<Style><LineStyle><color>66ffa000</color><width>1</width></LineStyle><PolyStyle><fill>0</fill></PolyStyle></Style>
	<ExtendedData><SchemaData schemaUrl="#渔区网格">
		<SimpleData name="BM_Name"></SimpleData>
	</SchemaData></ExtendedData>
      <Polygon><outerBoundaryIs><LinearRing><coordinates>125,31 125.5,31.0 125.5,30.5 125.0,30.5 125,31</coordinates></LinearRing></outerBoundaryIs></Polygon>
  </Placemark>
  <Placemark>
	<name></name>
	<Style><LineStyle><color>66ffa000</color><width>1</width></LineStyle><PolyStyle><fill>0</fill></PolyStyle></Style>
	<ExtendedData><SchemaData schemaUrl="#渔区网格">
		<SimpleData name="BM_Name"></SimpleData>
	</SchemaData></ExtendedData>
      <Polygon><outerBoundaryIs><LinearRing><coordinates>125.0,30.5 125.5,30.5 125.5,30.0 125,30 125.0,30.5</coordinates></LinearRing></outerBoundaryIs></Polygon>
  </Placemark>
  <Placemark>
	<name></name>
	<Style><LineStyle><color>66ffa000</color><width>1</width></LineStyle><PolyStyle><fill>0</fill></PolyStyle></Style>
	<ExtendedData><SchemaData schemaUrl="#渔区网格">
		<SimpleData name="BM_Name"></SimpleData>
	</SchemaData></ExtendedData>
      <Polygon><outerBoundaryIs><LinearRing><coordinates>125,30 125.5,30.0 125.5,29.5 125.0,29.5 125,30</coordinates></LinearRing></outerBoundaryIs></Polygon>
  </Placemark>
  <Placemark>
	<name></name>
	<Style><LineStyle><color>66ffa000</color><width>1</width></LineStyle><PolyStyle><fill>0</fill></PolyStyle></Style>
	<ExtendedData><SchemaData schemaUrl="#渔区网格">
		<SimpleData name="BM_Name"></SimpleData>
	</SchemaData></ExtendedData>
      <Polygon><outerBoundaryIs><LinearRing><coordinates>125.0,29.5 125.5,29.5 125.5,29.0 125,29 125.0,29.5</coordinates></LinearRing></outerBoundaryIs></Polygon>
  </Placemark>
  <Placemark>
	<name></name>
	<Style><LineStyle><color>66ffa000</color><width>1</width></LineStyle><PolyStyle><fill>0</fill></PolyStyle></Style>
	<ExtendedData><SchemaData schemaUrl="#渔区网格">
		<SimpleData name="BM_Name"></SimpleData>
	</SchemaData></ExtendedData>
      <Polygon><outerBoundaryIs><LinearRing><coordinates>125,29 125.5,29.0 125.5,28.5 125.0,28.5 125,29</coordinates></LinearRing></outerBoundaryIs></Polygon>
  </Placemark>
  <Placemark>
	<name></name>
	<Style><LineStyle><color>66ffa000</color><width>1</width></LineStyle><PolyStyle><fill>0</fill></PolyStyle></Style>
	<ExtendedData><SchemaData schemaUrl="#渔区网格">
		<SimpleData name="BM_Name"></SimpleData>
	</SchemaData></ExtendedData>
      <Polygon><outerBoundaryIs><LinearRing><coordinates>125.0,28.5 125.5,28.5 125.5,28.0 125,28 125.0,28.5</coordinates></LinearRing></outerBoundaryIs></Polygon>
  </Placemark>
  <Placemark>
	<name></name>
	<Style><LineStyle><color>66ffa000</color><width>1</width></LineStyle><PolyStyle><fill>0</fill></PolyStyle></Style>
	<ExtendedData><SchemaData schemaUrl="#渔区网格">
		<SimpleData name="BM_Name"></SimpleData>
	</SchemaData></ExtendedData>
      <Polygon><outerBoundaryIs><LinearRing><coordinates>125,28 125.5,28.0 125.5,27.5 125.0,27.5 125,28</coordinates></LinearRing></outerBoundaryIs></Polygon>
  </Placemark>
  <Placemark>
	<name></name>
	<Style><LineStyle><color>66ffa000</color><width>1</width></LineStyle><PolyStyle><fill>0</fill></PolyStyle></Style>
	<ExtendedData><SchemaData schemaUrl="#渔区网格">
		<SimpleData name="BM_Name"></SimpleData>
	</SchemaData></ExtendedData>
      <Polygon><outerBoundaryIs><LinearRing><coordinates>125.0,27.5 125.5,27.5 125.5,27.0 125,27 125.0,27.5</coordinates></LinearRing></outerBoundaryIs></Polygon>
  </Placemark>
  <Placemark>
	<name></name>
	<Style><LineStyle><color>66ffa000</color><width>1</width></LineStyle><PolyStyle><fill>0</fill></PolyStyle></Style>
	<ExtendedData><SchemaData schemaUrl="#渔区网格">
		<SimpleData name="BM_Name"></SimpleData>
	</SchemaData></ExtendedData>
      <Polygon><outerBoundaryIs><LinearRing><coordinates>125,27 125.5,27.0 125.5,26.5 125.0,26.5 125,27</coordinates></LinearRing></outerBoundaryIs></Polygon>
  </Placemark>
  <Placemark>
	<name></name>
	<Style><LineStyle><color>66ffa000</color><width>1</width></LineStyle><PolyStyle><fill>0</fill></PolyStyle></Style>
	<ExtendedData><SchemaData schemaUrl="#渔区网格">
		<SimpleData name="BM_Name"></SimpleData>
	</SchemaData></ExtendedData>
      <Polygon><outerBoundaryIs><LinearRing><coordinates>125.0,26.5 125.5,26.5 125.5,26.0 125,26 125.0,26.5</coordinates></LinearRing></outerBoundaryIs></Polygon>
  </Placemark>
  <Placemark>
	<name></name>
	<Style><LineStyle><color>66ffa000</color><width>1</width></LineStyle><PolyStyle><fill>0</fill></PolyStyle></Style>
	<ExtendedData><SchemaData schemaUrl="#渔区网格">
		<SimpleData name="BM_Name"></SimpleData>
	</SchemaData></ExtendedData>
      <Polygon><outerBoundaryIs><LinearRing><coordinates>125,26 125.5,26.0 125.5,25.5 125.0,25.5 125,26</coordinates></LinearRing></outerBoundaryIs></Polygon>
  </Placemark>
  <Placemark>
	<name></name>
	<Style><LineStyle><color>66ffa000</color><width>1</width></LineStyle><PolyStyle><fill>0</fill></PolyStyle></Style>
	<ExtendedData><SchemaData schemaUrl="#渔区网格">
		<SimpleData name="BM_Name"></SimpleData>
	</SchemaData></ExtendedData>
      <Polygon><outerBoundaryIs><LinearRing><coordinates>125.0,25.5 125.5,25.5 125.5,25.0 125,25 125.0,25.5</coordinates></LinearRing></outerBoundaryIs></Polygon>
  </Placemark>
  <Placemark>
	<name></name>
	<Style><LineStyle><color>66ffa000</color><width>1</width></LineStyle><PolyStyle><fill>0</fill></PolyStyle></Style>
	<ExtendedData><SchemaData schemaUrl="#渔区网格">
		<SimpleData name="BM_Name"></SimpleData>
	</SchemaData></ExtendedData>
      <Polygon><outerBoundaryIs><LinearRing><coordinates>125.5,36.0 126,36 126.0,35.5 125.5,35.5 125.5,36.0</coordinates></LinearRing></outerBoundaryIs></Polygon>
  </Placemark>
  <Placemark>
	<name></name>
	<Style><LineStyle><color>66ffa000</color><width>1</width></LineStyle><PolyStyle><fill>0</fill></PolyStyle></Style>
	<ExtendedData><SchemaData schemaUrl="#渔区网格">
		<SimpleData name="BM_Name"></SimpleData>
	</SchemaData></ExtendedData>
      <Polygon><outerBoundaryIs><LinearRing><coordinates>125.5,35.5 126.0,35.5 126,35 125.5,35.0 125.5,35.5</coordinates></LinearRing></outerBoundaryIs></Polygon>
  </Placemark>
  <Placemark>
	<name></name>
	<Style><LineStyle><color>66ffa000</color><width>1</width></LineStyle><PolyStyle><fill>0</fill></PolyStyle></Style>
	<ExtendedData><SchemaData schemaUrl="#渔区网格">
		<SimpleData name="BM_Name"></SimpleData>
	</SchemaData></ExtendedData>
      <Polygon><outerBoundaryIs><LinearRing><coordinates>125.5,35.0 126,35 126.0,34.5 125.5,34.5 125.5,35.0</coordinates></LinearRing></outerBoundaryIs></Polygon>
  </Placemark>
  <Placemark>
	<name></name>
	<Style><LineStyle><color>66ffa000</color><width>1</width></LineStyle><PolyStyle><fill>0</fill></PolyStyle></Style>
	<ExtendedData><SchemaData schemaUrl="#渔区网格">
		<SimpleData name="BM_Name"></SimpleData>
	</SchemaData></ExtendedData>
      <Polygon><outerBoundaryIs><LinearRing><coordinates>125.5,34.5 126.0,34.5 126,34 125.5,34.0 125.5,34.5</coordinates></LinearRing></outerBoundaryIs></Polygon>
  </Placemark>
  <Placemark>
	<name></name>
	<Style><LineStyle><color>66ffa000</color><width>1</width></LineStyle><PolyStyle><fill>0</fill></PolyStyle></Style>
	<ExtendedData><SchemaData schemaUrl="#渔区网格">
		<SimpleData name="BM_Name"></SimpleData>
	</SchemaData></ExtendedData>
      <Polygon><outerBoundaryIs><LinearRing><coordinates>125.5,34.0 126,34 126.0,33.5 125.5,33.5 125.5,34.0</coordinates></LinearRing></outerBoundaryIs></Polygon>
  </Placemark>
  <Placemark>
	<name></name>
	<Style><LineStyle><color>66ffa000</color><width>1</width></LineStyle><PolyStyle><fill>0</fill></PolyStyle></Style>
	<ExtendedData><SchemaData schemaUrl="#渔区网格">
		<SimpleData name="BM_Name"></SimpleData>
	</SchemaData></ExtendedData>
      <Polygon><outerBoundaryIs><LinearRing><coordinates>125.5,33.5 126.0,33.5 126,33 125.5,33.0 125.5,33.5</coordinates></LinearRing></outerBoundaryIs></Polygon>
  </Placemark>
  <Placemark>
	<name></name>
	<Style><LineStyle><color>66ffa000</color><width>1</width></LineStyle><PolyStyle><fill>0</fill></PolyStyle></Style>
	<ExtendedData><SchemaData schemaUrl="#渔区网格">
		<SimpleData name="BM_Name"></SimpleData>
	</SchemaData></ExtendedData>
      <Polygon><outerBoundaryIs><LinearRing><coordinates>125.5,33.0 126,33 126.0,32.5 125.5,32.5 125.5,33.0</coordinates></LinearRing></outerBoundaryIs></Polygon>
  </Placemark>
  <Placemark>
	<name></name>
	<Style><LineStyle><color>66ffa000</color><width>1</width></LineStyle><PolyStyle><fill>0</fill></PolyStyle></Style>
	<ExtendedData><SchemaData schemaUrl="#渔区网格">
		<SimpleData name="BM_Name"></SimpleData>
	</SchemaData></ExtendedData>
      <Polygon><outerBoundaryIs><LinearRing><coordinates>125.5,32.5 126.0,32.5 126,32 125.5,32.0 125.5,32.5</coordinates></LinearRing></outerBoundaryIs></Polygon>
  </Placemark>
  <Placemark>
	<name></name>
	<Style><LineStyle><color>66ffa000</color><width>1</width></LineStyle><PolyStyle><fill>0</fill></PolyStyle></Style>
	<ExtendedData><SchemaData schemaUrl="#渔区网格">
		<SimpleData name="BM_Name"></SimpleData>
	</SchemaData></ExtendedData>
      <Polygon><outerBoundaryIs><LinearRing><coordinates>125.5,32.0 126,32 126.0,31.5 125.5,31.5 125.5,32.0</coordinates></LinearRing></outerBoundaryIs></Polygon>
  </Placemark>
  <Placemark>
	<name></name>
	<Style><LineStyle><color>66ffa000</color><width>1</width></LineStyle><PolyStyle><fill>0</fill></PolyStyle></Style>
	<ExtendedData><SchemaData schemaUrl="#渔区网格">
		<SimpleData name="BM_Name"></SimpleData>
	</SchemaData></ExtendedData>
      <Polygon><outerBoundaryIs><LinearRing><coordinates>125.5,31.5 126.0,31.5 126,31 125.5,31.0 125.5,31.5</coordinates></LinearRing></outerBoundaryIs></Polygon>
  </Placemark>
  <Placemark>
	<name></name>
	<Style><LineStyle><color>66ffa000</color><width>1</width></LineStyle><PolyStyle><fill>0</fill></PolyStyle></Style>
	<ExtendedData><SchemaData schemaUrl="#渔区网格">
		<SimpleData name="BM_Name"></SimpleData>
	</SchemaData></ExtendedData>
      <Polygon><outerBoundaryIs><LinearRing><coordinates>125.5,31.0 126,31 126.0,30.5 125.5,30.5 125.5,31.0</coordinates></LinearRing></outerBoundaryIs></Polygon>
  </Placemark>
  <Placemark>
	<name></name>
	<Style><LineStyle><color>66ffa000</color><width>1</width></LineStyle><PolyStyle><fill>0</fill></PolyStyle></Style>
	<ExtendedData><SchemaData schemaUrl="#渔区网格">
		<SimpleData name="BM_Name"></SimpleData>
	</SchemaData></ExtendedData>
      <Polygon><outerBoundaryIs><LinearRing><coordinates>125.5,30.5 126.0,30.5 126,30 125.5,30.0 125.5,30.5</coordinates></LinearRing></outerBoundaryIs></Polygon>
  </Placemark>
  <Placemark>
	<name></name>
	<Style><LineStyle><color>66ffa000</color><width>1</width></LineStyle><PolyStyle><fill>0</fill></PolyStyle></Style>
	<ExtendedData><SchemaData schemaUrl="#渔区网格">
		<SimpleData name="BM_Name"></SimpleData>
	</SchemaData></ExtendedData>
      <Polygon><outerBoundaryIs><LinearRing><coordinates>125.5,30.0 126,30 126.0,29.5 125.5,29.5 125.5,30.0</coordinates></LinearRing></outerBoundaryIs></Polygon>
  </Placemark>
  <Placemark>
	<name></name>
	<Style><LineStyle><color>66ffa000</color><width>1</width></LineStyle><PolyStyle><fill>0</fill></PolyStyle></Style>
	<ExtendedData><SchemaData schemaUrl="#渔区网格">
		<SimpleData name="BM_Name"></SimpleData>
	</SchemaData></ExtendedData>
      <Polygon><outerBoundaryIs><LinearRing><coordinates>125.5,29.5 126.0,29.5 126,29 125.5,29.0 125.5,29.5</coordinates></LinearRing></outerBoundaryIs></Polygon>
  </Placemark>
  <Placemark>
	<name></name>
	<Style><LineStyle><color>66ffa000</color><width>1</width></LineStyle><PolyStyle><fill>0</fill></PolyStyle></Style>
	<ExtendedData><SchemaData schemaUrl="#渔区网格">
		<SimpleData name="BM_Name"></SimpleData>
	</SchemaData></ExtendedData>
      <Polygon><outerBoundaryIs><LinearRing><coordinates>125.5,29.0 126,29 126.0,28.5 125.5,28.5 125.5,29.0</coordinates></LinearRing></outerBoundaryIs></Polygon>
  </Placemark>
  <Placemark>
	<name></name>
	<Style><LineStyle><color>66ffa000</color><width>1</width></LineStyle><PolyStyle><fill>0</fill></PolyStyle></Style>
	<ExtendedData><SchemaData schemaUrl="#渔区网格">
		<SimpleData name="BM_Name"></SimpleData>
	</SchemaData></ExtendedData>
      <Polygon><outerBoundaryIs><LinearRing><coordinates>125.5,28.5 126.0,28.5 126,28 125.5,28.0 125.5,28.5</coordinates></LinearRing></outerBoundaryIs></Polygon>
  </Placemark>
  <Placemark>
	<name></name>
	<Style><LineStyle><color>66ffa000</color><width>1</width></LineStyle><PolyStyle><fill>0</fill></PolyStyle></Style>
	<ExtendedData><SchemaData schemaUrl="#渔区网格">
		<SimpleData name="BM_Name"></SimpleData>
	</SchemaData></ExtendedData>
      <Polygon><outerBoundaryIs><LinearRing><coordinates>125.5,28.0 126,28 126.0,27.5 125.5,27.5 125.5,28.0</coordinates></LinearRing></outerBoundaryIs></Polygon>
  </Placemark>
  <Placemark>
	<name></name>
	<Style><LineStyle><color>66ffa000</color><width>1</width></LineStyle><PolyStyle><fill>0</fill></PolyStyle></Style>
	<ExtendedData><SchemaData schemaUrl="#渔区网格">
		<SimpleData name="BM_Name"></SimpleData>
	</SchemaData></ExtendedData>
      <Polygon><outerBoundaryIs><LinearRing><coordinates>125.5,27.5 126.0,27.5 126,27 125.5,27.0 125.5,27.5</coordinates></LinearRing></outerBoundaryIs></Polygon>
  </Placemark>
  <Placemark>
	<name></name>
	<Style><LineStyle><color>66ffa000</color><width>1</width></LineStyle><PolyStyle><fill>0</fill></PolyStyle></Style>
	<ExtendedData><SchemaData schemaUrl="#渔区网格">
		<SimpleData name="BM_Name"></SimpleData>
	</SchemaData></ExtendedData>
      <Polygon><outerBoundaryIs><LinearRing><coordinates>125.5,27.0 126,27 126.0,26.5 125.5,26.5 125.5,27.0</coordinates></LinearRing></outerBoundaryIs></Polygon>
  </Placemark>
  <Placemark>
	<name></name>
	<Style><LineStyle><color>66ffa000</color><width>1</width></LineStyle><PolyStyle><fill>0</fill></PolyStyle></Style>
	<ExtendedData><SchemaData schemaUrl="#渔区网格">
		<SimpleData name="BM_Name"></SimpleData>
	</SchemaData></ExtendedData>
      <Polygon><outerBoundaryIs><LinearRing><coordinates>125.5,26.5 126.0,26.5 126,26 125.5,26.0 125.5,26.5</coordinates></LinearRing></outerBoundaryIs></Polygon>
  </Placemark>
  <Placemark>
	<name></name>
	<Style><LineStyle><color>66ffa000</color><width>1</width></LineStyle><PolyStyle><fill>0</fill></PolyStyle></Style>
	<ExtendedData><SchemaData schemaUrl="#渔区网格">
		<SimpleData name="BM_Name"></SimpleData>
	</SchemaData></ExtendedData>
      <Polygon><outerBoundaryIs><LinearRing><coordinates>125.5,26.0 126,26 126.0,25.5 125.5,25.5 125.5,26.0</coordinates></LinearRing></outerBoundaryIs></Polygon>
  </Placemark>
  <Placemark>
	<name></name>
	<Style><LineStyle><color>66ffa000</color><width>1</width></LineStyle><PolyStyle><fill>0</fill></PolyStyle></Style>
	<ExtendedData><SchemaData schemaUrl="#渔区网格">
		<SimpleData name="BM_Name"></SimpleData>
	</SchemaData></ExtendedData>
      <Polygon><outerBoundaryIs><LinearRing><coordinates>125.5,25.5 126.0,25.5 126,25 125.5,25.0 125.5,25.5</coordinates></LinearRing></outerBoundaryIs></Polygon>
  </Placemark>
  <Placemark>
	<name></name>
	<Style><LineStyle><color>66ffa000</color><width>1</width></LineStyle><PolyStyle><fill>0</fill></PolyStyle></Style>
	<ExtendedData><SchemaData schemaUrl="#渔区网格">
		<SimpleData name="BM_Name"></SimpleData>
	</SchemaData></ExtendedData>
      <Polygon><outerBoundaryIs><LinearRing><coordinates>126,33 126.5,33.0 126.5,32.5 126.0,32.5 126,33</coordinates></LinearRing></outerBoundaryIs></Polygon>
  </Placemark>
  <Placemark>
	<name></name>
	<Style><LineStyle><color>66ffa000</color><width>1</width></LineStyle><PolyStyle><fill>0</fill></PolyStyle></Style>
	<ExtendedData><SchemaData schemaUrl="#渔区网格">
		<SimpleData name="BM_Name"></SimpleData>
	</SchemaData></ExtendedData>
      <Polygon><outerBoundaryIs><LinearRing><coordinates>126.0,32.5 126.5,32.5 126.5,32.0 126,32 126.0,32.5</coordinates></LinearRing></outerBoundaryIs></Polygon>
  </Placemark>
  <Placemark>
	<name></name>
	<Style><LineStyle><color>66ffa000</color><width>1</width></LineStyle><PolyStyle><fill>0</fill></PolyStyle></Style>
	<ExtendedData><SchemaData schemaUrl="#渔区网格">
		<SimpleData name="BM_Name"></SimpleData>
	</SchemaData></ExtendedData>
      <Polygon><outerBoundaryIs><LinearRing><coordinates>126,32 126.5,32.0 126.5,31.5 126.0,31.5 126,32</coordinates></LinearRing></outerBoundaryIs></Polygon>
  </Placemark>
  <Placemark>
	<name></name>
	<Style><LineStyle><color>66ffa000</color><width>1</width></LineStyle><PolyStyle><fill>0</fill></PolyStyle></Style>
	<ExtendedData><SchemaData schemaUrl="#渔区网格">
		<SimpleData name="BM_Name"></SimpleData>
	</SchemaData></ExtendedData>
      <Polygon><outerBoundaryIs><LinearRing><coordinates>126.0,31.5 126.5,31.5 126.5,31.0 126,31 126.0,31.5</coordinates></LinearRing></outerBoundaryIs></Polygon>
  </Placemark>
  <Placemark>
	<name></name>
	<Style><LineStyle><color>66ffa000</color><width>1</width></LineStyle><PolyStyle><fill>0</fill></PolyStyle></Style>
	<ExtendedData><SchemaData schemaUrl="#渔区网格">
		<SimpleData name="BM_Name"></SimpleData>
	</SchemaData></ExtendedData>
      <Polygon><outerBoundaryIs><LinearRing><coordinates>126,31 126.5,31.0 126.5,30.5 126.0,30.5 126,31</coordinates></LinearRing></outerBoundaryIs></Polygon>
  </Placemark>
  <Placemark>
	<name></name>
	<Style><LineStyle><color>66ffa000</color><width>1</width></LineStyle><PolyStyle><fill>0</fill></PolyStyle></Style>
	<ExtendedData><SchemaData schemaUrl="#渔区网格">
		<SimpleData name="BM_Name"></SimpleData>
	</SchemaData></ExtendedData>
      <Polygon><outerBoundaryIs><LinearRing><coordinates>126.0,30.5 126.5,30.5 126.5,30.0 126,30 126.0,30.5</coordinates></LinearRing></outerBoundaryIs></Polygon>
  </Placemark>
  <Placemark>
	<name></name>
	<Style><LineStyle><color>66ffa000</color><width>1</width></LineStyle><PolyStyle><fill>0</fill></PolyStyle></Style>
	<ExtendedData><SchemaData schemaUrl="#渔区网格">
		<SimpleData name="BM_Name"></SimpleData>
	</SchemaData></ExtendedData>
      <Polygon><outerBoundaryIs><LinearRing><coordinates>126,30 126.5,30.0 126.5,29.5 126.0,29.5 126,30</coordinates></LinearRing></outerBoundaryIs></Polygon>
  </Placemark>
  <Placemark>
	<name></name>
	<Style><LineStyle><color>66ffa000</color><width>1</width></LineStyle><PolyStyle><fill>0</fill></PolyStyle></Style>
	<ExtendedData><SchemaData schemaUrl="#渔区网格">
		<SimpleData name="BM_Name"></SimpleData>
	</SchemaData></ExtendedData>
      <Polygon><outerBoundaryIs><LinearRing><coordinates>126.0,29.5 126.5,29.5 126.5,29.0 126,29 126.0,29.5</coordinates></LinearRing></outerBoundaryIs></Polygon>
  </Placemark>
  <Placemark>
	<name></name>
	<Style><LineStyle><color>66ffa000</color><width>1</width></LineStyle><PolyStyle><fill>0</fill></PolyStyle></Style>
	<ExtendedData><SchemaData schemaUrl="#渔区网格">
		<SimpleData name="BM_Name"></SimpleData>
	</SchemaData></ExtendedData>
      <Polygon><outerBoundaryIs><LinearRing><coordinates>126,29 126.5,29.0 126.5,28.5 126.0,28.5 126,29</coordinates></LinearRing></outerBoundaryIs></Polygon>
  </Placemark>
  <Placemark>
	<name></name>
	<Style><LineStyle><color>66ffa000</color><width>1</width></LineStyle><PolyStyle><fill>0</fill></PolyStyle></Style>
	<ExtendedData><SchemaData schemaUrl="#渔区网格">
		<SimpleData name="BM_Name"></SimpleData>
	</SchemaData></ExtendedData>
      <Polygon><outerBoundaryIs><LinearRing><coordinates>126.0,28.5 126.5,28.5 126.5,28.0 126,28 126.0,28.5</coordinates></LinearRing></outerBoundaryIs></Polygon>
  </Placemark>
  <Placemark>
	<name></name>
	<Style><LineStyle><color>66ffa000</color><width>1</width></LineStyle><PolyStyle><fill>0</fill></PolyStyle></Style>
	<ExtendedData><SchemaData schemaUrl="#渔区网格">
		<SimpleData name="BM_Name"></SimpleData>
	</SchemaData></ExtendedData>
      <Polygon><outerBoundaryIs><LinearRing><coordinates>126,28 126.5,28.0 126.5,27.5 126.0,27.5 126,28</coordinates></LinearRing></outerBoundaryIs></Polygon>
  </Placemark>
  <Placemark>
	<name></name>
	<Style><LineStyle><color>66ffa000</color><width>1</width></LineStyle><PolyStyle><fill>0</fill></PolyStyle></Style>
	<ExtendedData><SchemaData schemaUrl="#渔区网格">
		<SimpleData name="BM_Name"></SimpleData>
	</SchemaData></ExtendedData>
      <Polygon><outerBoundaryIs><LinearRing><coordinates>126.0,27.5 126.5,27.5 126.5,27.0 126,27 126.0,27.5</coordinates></LinearRing></outerBoundaryIs></Polygon>
  </Placemark>
  <Placemark>
	<name></name>
	<Style><LineStyle><color>66ffa000</color><width>1</width></LineStyle><PolyStyle><fill>0</fill></PolyStyle></Style>
	<ExtendedData><SchemaData schemaUrl="#渔区网格">
		<SimpleData name="BM_Name"></SimpleData>
	</SchemaData></ExtendedData>
      <Polygon><outerBoundaryIs><LinearRing><coordinates>126,27 126.5,27.0 126.5,26.5 126.0,26.5 126,27</coordinates></LinearRing></outerBoundaryIs></Polygon>
  </Placemark>
  <Placemark>
	<name></name>
	<Style><LineStyle><color>66ffa000</color><width>1</width></LineStyle><PolyStyle><fill>0</fill></PolyStyle></Style>
	<ExtendedData><SchemaData schemaUrl="#渔区网格">
		<SimpleData name="BM_Name"></SimpleData>
	</SchemaData></ExtendedData>
      <Polygon><outerBoundaryIs><LinearRing><coordinates>126.0,26.5 126.5,26.5 126.5,26.0 126,26 126.0,26.5</coordinates></LinearRing></outerBoundaryIs></Polygon>
  </Placemark>
  <Placemark>
	<name></name>
	<Style><LineStyle><color>66ffa000</color><width>1</width></LineStyle><PolyStyle><fill>0</fill></PolyStyle></Style>
	<ExtendedData><SchemaData schemaUrl="#渔区网格">
		<SimpleData name="BM_Name"></SimpleData>
	</SchemaData></ExtendedData>
      <Polygon><outerBoundaryIs><LinearRing><coordinates>126.5,34.0 127,34 127.0,33.5 126.5,33.5 126.5,34.0</coordinates></LinearRing></outerBoundaryIs></Polygon>
  </Placemark>
  <Placemark>
	<name></name>
	<Style><LineStyle><color>66ffa000</color><width>1</width></LineStyle><PolyStyle><fill>0</fill></PolyStyle></Style>
	<ExtendedData><SchemaData schemaUrl="#渔区网格">
		<SimpleData name="BM_Name"></SimpleData>
	</SchemaData></ExtendedData>
      <Polygon><outerBoundaryIs><LinearRing><coordinates>126.5,33.0 127,33 127.0,32.5 126.5,32.5 126.5,33.0</coordinates></LinearRing></outerBoundaryIs></Polygon>
  </Placemark>
  <Placemark>
	<name></name>
	<Style><LineStyle><color>66ffa000</color><width>1</width></LineStyle><PolyStyle><fill>0</fill></PolyStyle></Style>
	<ExtendedData><SchemaData schemaUrl="#渔区网格">
		<SimpleData name="BM_Name"></SimpleData>
	</SchemaData></ExtendedData>
      <Polygon><outerBoundaryIs><LinearRing><coordinates>126.5,32.5 127.0,32.5 127,32 126.5,32.0 126.5,32.5</coordinates></LinearRing></outerBoundaryIs></Polygon>
  </Placemark>
  <Placemark>
	<name></name>
	<Style><LineStyle><color>66ffa000</color><width>1</width></LineStyle><PolyStyle><fill>0</fill></PolyStyle></Style>
	<ExtendedData><SchemaData schemaUrl="#渔区网格">
		<SimpleData name="BM_Name"></SimpleData>
	</SchemaData></ExtendedData>
      <Polygon><outerBoundaryIs><LinearRing><coordinates>126.5,32.0 127,32 127.0,31.5 126.5,31.5 126.5,32.0</coordinates></LinearRing></outerBoundaryIs></Polygon>
  </Placemark>
  <Placemark>
	<name></name>
	<Style><LineStyle><color>66ffa000</color><width>1</width></LineStyle><PolyStyle><fill>0</fill></PolyStyle></Style>
	<ExtendedData><SchemaData schemaUrl="#渔区网格">
		<SimpleData name="BM_Name"></SimpleData>
	</SchemaData></ExtendedData>
      <Polygon><outerBoundaryIs><LinearRing><coordinates>126.5,31.5 127.0,31.5 127,31 126.5,31.0 126.5,31.5</coordinates></LinearRing></outerBoundaryIs></Polygon>
  </Placemark>
  <Placemark>
	<name></name>
	<Style><LineStyle><color>66ffa000</color><width>1</width></LineStyle><PolyStyle><fill>0</fill></PolyStyle></Style>
	<ExtendedData><SchemaData schemaUrl="#渔区网格">
		<SimpleData name="BM_Name"></SimpleData>
	</SchemaData></ExtendedData>
      <Polygon><outerBoundaryIs><LinearRing><coordinates>126.5,31.0 127,31 127.0,30.5 126.5,30.5 126.5,31.0</coordinates></LinearRing></outerBoundaryIs></Polygon>
  </Placemark>
  <Placemark>
	<name></name>
	<Style><LineStyle><color>66ffa000</color><width>1</width></LineStyle><PolyStyle><fill>0</fill></PolyStyle></Style>
	<ExtendedData><SchemaData schemaUrl="#渔区网格">
		<SimpleData name="BM_Name"></SimpleData>
	</SchemaData></ExtendedData>
      <Polygon><outerBoundaryIs><LinearRing><coordinates>126.5,30.5 127.0,30.5 127,30 126.5,30.0 126.5,30.5</coordinates></LinearRing></outerBoundaryIs></Polygon>
  </Placemark>
  <Placemark>
	<name></name>
	<Style><LineStyle><color>66ffa000</color><width>1</width></LineStyle><PolyStyle><fill>0</fill></PolyStyle></Style>
	<ExtendedData><SchemaData schemaUrl="#渔区网格">
		<SimpleData name="BM_Name"></SimpleData>
	</SchemaData></ExtendedData>
      <Polygon><outerBoundaryIs><LinearRing><coordinates>126.5,30.0 127,30 127.0,29.5 126.5,29.5 126.5,30.0</coordinates></LinearRing></outerBoundaryIs></Polygon>
  </Placemark>
  <Placemark>
	<name></name>
	<Style><LineStyle><color>66ffa000</color><width>1</width></LineStyle><PolyStyle><fill>0</fill></PolyStyle></Style>
	<ExtendedData><SchemaData schemaUrl="#渔区网格">
		<SimpleData name="BM_Name"></SimpleData>
	</SchemaData></ExtendedData>
      <Polygon><outerBoundaryIs><LinearRing><coordinates>126.5,29.5 127.0,29.5 127,29 126.5,29.0 126.5,29.5</coordinates></LinearRing></outerBoundaryIs></Polygon>
  </Placemark>
  <Placemark>
	<name></name>
	<Style><LineStyle><color>66ffa000</color><width>1</width></LineStyle><PolyStyle><fill>0</fill></PolyStyle></Style>
	<ExtendedData><SchemaData schemaUrl="#渔区网格">
		<SimpleData name="BM_Name"></SimpleData>
	</SchemaData></ExtendedData>
      <Polygon><outerBoundaryIs><LinearRing><coordinates>126.5,29.0 127,29 127.0,28.5 126.5,28.5 126.5,29.0</coordinates></LinearRing></outerBoundaryIs></Polygon>
  </Placemark>
  <Placemark>
	<name></name>
	<Style><LineStyle><color>66ffa000</color><width>1</width></LineStyle><PolyStyle><fill>0</fill></PolyStyle></Style>
	<ExtendedData><SchemaData schemaUrl="#渔区网格">
		<SimpleData name="BM_Name"></SimpleData>
	</SchemaData></ExtendedData>
      <Polygon><outerBoundaryIs><LinearRing><coordinates>126.5,28.5 127.0,28.5 127,28 126.5,28.0 126.5,28.5</coordinates></LinearRing></outerBoundaryIs></Polygon>
  </Placemark>
  <Placemark>
	<name></name>
	<Style><LineStyle><color>66ffa000</color><width>1</width></LineStyle><PolyStyle><fill>0</fill></PolyStyle></Style>
	<ExtendedData><SchemaData schemaUrl="#渔区网格">
		<SimpleData name="BM_Name"></SimpleData>
	</SchemaData></ExtendedData>
      <Polygon><outerBoundaryIs><LinearRing><coordinates>126.5,28.0 127,28 127.0,27.5 126.5,27.5 126.5,28.0</coordinates></LinearRing></outerBoundaryIs></Polygon>
  </Placemark>
  <Placemark>
	<name></name>
	<Style><LineStyle><color>66ffa000</color><width>1</width></LineStyle><PolyStyle><fill>0</fill></PolyStyle></Style>
	<ExtendedData><SchemaData schemaUrl="#渔区网格">
		<SimpleData name="BM_Name"></SimpleData>
	</SchemaData></ExtendedData>
      <Polygon><outerBoundaryIs><LinearRing><coordinates>126.5,27.5 127.0,27.5 127,27 126.5,27.0 126.5,27.5</coordinates></LinearRing></outerBoundaryIs></Polygon>
  </Placemark>
  <Placemark>
	<name></name>
	<Style><LineStyle><color>66ffa000</color><width>1</width></LineStyle><PolyStyle><fill>0</fill></PolyStyle></Style>
	<ExtendedData><SchemaData schemaUrl="#渔区网格">
		<SimpleData name="BM_Name"></SimpleData>
	</SchemaData></ExtendedData>
      <Polygon><outerBoundaryIs><LinearRing><coordinates>126.5,27.0 127,27 127.0,26.5 126.5,26.5 126.5,27.0</coordinates></LinearRing></outerBoundaryIs></Polygon>
  </Placemark>
  <Placemark>
	<name></name>
	<Style><LineStyle><color>66ffa000</color><width>1</width></LineStyle><PolyStyle><fill>0</fill></PolyStyle></Style>
	<ExtendedData><SchemaData schemaUrl="#渔区网格">
		<SimpleData name="BM_Name"></SimpleData>
	</SchemaData></ExtendedData>
      <Polygon><outerBoundaryIs><LinearRing><coordinates>127,34 127.5,34.0 127.5,33.5 127.0,33.5 127,34</coordinates></LinearRing></outerBoundaryIs></Polygon>
  </Placemark>
  <Placemark>
	<name></name>
	<Style><LineStyle><color>66ffa000</color><width>1</width></LineStyle><PolyStyle><fill>0</fill></PolyStyle></Style>
	<ExtendedData><SchemaData schemaUrl="#渔区网格">
		<SimpleData name="BM_Name"></SimpleData>
	</SchemaData></ExtendedData>
      <Polygon><outerBoundaryIs><LinearRing><coordinates>127.0,33.5 127.5,33.5 127.5,33.0 127,33 127.0,33.5</coordinates></LinearRing></outerBoundaryIs></Polygon>
  </Placemark>
  <Placemark>
	<name></name>
	<Style><LineStyle><color>66ffa000</color><width>1</width></LineStyle><PolyStyle><fill>0</fill></PolyStyle></Style>
	<ExtendedData><SchemaData schemaUrl="#渔区网格">
		<SimpleData name="BM_Name"></SimpleData>
	</SchemaData></ExtendedData>
      <Polygon><outerBoundaryIs><LinearRing><coordinates>127,33 127.5,33.0 127.5,32.5 127.0,32.5 127,33</coordinates></LinearRing></outerBoundaryIs></Polygon>
  </Placemark>
  <Placemark>
	<name></name>
	<Style><LineStyle><color>66ffa000</color><width>1</width></LineStyle><PolyStyle><fill>0</fill></PolyStyle></Style>
	<ExtendedData><SchemaData schemaUrl="#渔区网格">
		<SimpleData name="BM_Name"></SimpleData>
	</SchemaData></ExtendedData>
      <Polygon><outerBoundaryIs><LinearRing><coordinates>127.0,32.5 127.5,32.5 127.5,32.0 127,32 127.0,32.5</coordinates></LinearRing></outerBoundaryIs></Polygon>
  </Placemark>
  <Placemark>
	<name></name>
	<Style><LineStyle><color>66ffa000</color><width>1</width></LineStyle><PolyStyle><fill>0</fill></PolyStyle></Style>
	<ExtendedData><SchemaData schemaUrl="#渔区网格">
		<SimpleData name="BM_Name"></SimpleData>
	</SchemaData></ExtendedData>
      <Polygon><outerBoundaryIs><LinearRing><coordinates>127,32 127.5,32.0 127.5,31.5 127.0,31.5 127,32</coordinates></LinearRing></outerBoundaryIs></Polygon>
  </Placemark>
  <Placemark>
	<name></name>
	<Style><LineStyle><color>66ffa000</color><width>1</width></LineStyle><PolyStyle><fill>0</fill></PolyStyle></Style>
	<ExtendedData><SchemaData schemaUrl="#渔区网格">
		<SimpleData name="BM_Name"></SimpleData>
	</SchemaData></ExtendedData>
      <Polygon><outerBoundaryIs><LinearRing><coordinates>127.0,31.5 127.5,31.5 127.5,31.0 127,31 127.0,31.5</coordinates></LinearRing></outerBoundaryIs></Polygon>
  </Placemark>
  <Placemark>
	<name></name>
	<Style><LineStyle><color>66ffa000</color><width>1</width></LineStyle><PolyStyle><fill>0</fill></PolyStyle></Style>
	<ExtendedData><SchemaData schemaUrl="#渔区网格">
		<SimpleData name="BM_Name"></SimpleData>
	</SchemaData></ExtendedData>
      <Polygon><outerBoundaryIs><LinearRing><coordinates>127,31 127.5,31.0 127.5,30.5 127.0,30.5 127,31</coordinates></LinearRing></outerBoundaryIs></Polygon>
  </Placemark>
  <Placemark>
	<name></name>
	<Style><LineStyle><color>66ffa000</color><width>1</width></LineStyle><PolyStyle><fill>0</fill></PolyStyle></Style>
	<ExtendedData><SchemaData schemaUrl="#渔区网格">
		<SimpleData name="BM_Name"></SimpleData>
	</SchemaData></ExtendedData>
      <Polygon><outerBoundaryIs><LinearRing><coordinates>127.0,30.5 127.5,30.5 127.5,30.0 127,30 127.0,30.5</coordinates></LinearRing></outerBoundaryIs></Polygon>
  </Placemark>
  <Placemark>
	<name></name>
	<Style><LineStyle><color>66ffa000</color><width>1</width></LineStyle><PolyStyle><fill>0</fill></PolyStyle></Style>
	<ExtendedData><SchemaData schemaUrl="#渔区网格">
		<SimpleData name="BM_Name"></SimpleData>
	</SchemaData></ExtendedData>
      <Polygon><outerBoundaryIs><LinearRing><coordinates>127,30 127.5,30.0 127.5,29.5 127.0,29.5 127,30</coordinates></LinearRing></outerBoundaryIs></Polygon>
  </Placemark>
  <Placemark>
	<name></name>
	<Style><LineStyle><color>66ffa000</color><width>1</width></LineStyle><PolyStyle><fill>0</fill></PolyStyle></Style>
	<ExtendedData><SchemaData schemaUrl="#渔区网格">
		<SimpleData name="BM_Name"></SimpleData>
	</SchemaData></ExtendedData>
      <Polygon><outerBoundaryIs><LinearRing><coordinates>127.0,29.5 127.5,29.5 127.5,29.0 127,29 127.0,29.5</coordinates></LinearRing></outerBoundaryIs></Polygon>
  </Placemark>
  <Placemark>
	<name></name>
	<Style><LineStyle><color>66ffa000</color><width>1</width></LineStyle><PolyStyle><fill>0</fill></PolyStyle></Style>
	<ExtendedData><SchemaData schemaUrl="#渔区网格">
		<SimpleData name="BM_Name"></SimpleData>
	</SchemaData></ExtendedData>
      <Polygon><outerBoundaryIs><LinearRing><coordinates>127,29 127.5,29.0 127.5,28.5 127.0,28.5 127,29</coordinates></LinearRing></outerBoundaryIs></Polygon>
  </Placemark>
  <Placemark>
	<name></name>
	<Style><LineStyle><color>66ffa000</color><width>1</width></LineStyle><PolyStyle><fill>0</fill></PolyStyle></Style>
	<ExtendedData><SchemaData schemaUrl="#渔区网格">
		<SimpleData name="BM_Name"></SimpleData>
	</SchemaData></ExtendedData>
      <Polygon><outerBoundaryIs><LinearRing><coordinates>127.0,28.5 127.5,28.5 127.5,28.0 127,28 127.0,28.5</coordinates></LinearRing></outerBoundaryIs></Polygon>
  </Placemark>
  <Placemark>
	<name></name>
	<Style><LineStyle><color>66ffa000</color><width>1</width></LineStyle><PolyStyle><fill>0</fill></PolyStyle></Style>
	<ExtendedData><SchemaData schemaUrl="#渔区网格">
		<SimpleData name="BM_Name"></SimpleData>
	</SchemaData></ExtendedData>
      <Polygon><outerBoundaryIs><LinearRing><coordinates>127,28 127.5,28.0 127.5,27.5 127.0,27.5 127,28</coordinates></LinearRing></outerBoundaryIs></Polygon>
  </Placemark>
  <Placemark>
	<name></name>
	<Style><LineStyle><color>66ffa000</color><width>1</width></LineStyle><PolyStyle><fill>0</fill></PolyStyle></Style>
	<ExtendedData><SchemaData schemaUrl="#渔区网格">
		<SimpleData name="BM_Name"></SimpleData>
	</SchemaData></ExtendedData>
      <Polygon><outerBoundaryIs><LinearRing><coordinates>127.0,27.5 127.5,27.5 127.5,27.0 127,27 127.0,27.5</coordinates></LinearRing></outerBoundaryIs></Polygon>
  </Placemark>
  <Placemark>
	<name></name>
	<Style><LineStyle><color>66ffa000</color><width>1</width></LineStyle><PolyStyle><fill>0</fill></PolyStyle></Style>
	<ExtendedData><SchemaData schemaUrl="#渔区网格">
		<SimpleData name="BM_Name"></SimpleData>
	</SchemaData></ExtendedData>
      <Polygon><outerBoundaryIs><LinearRing><coordinates>127,27 127.5,27.0 127.5,26.5 127.0,26.5 127,27</coordinates></LinearRing></outerBoundaryIs></Polygon>
  </Placemark>
  <Placemark>
	<name></name>
	<Style><LineStyle><color>66ffa000</color><width>1</width></LineStyle><PolyStyle><fill>0</fill></PolyStyle></Style>
	<ExtendedData><SchemaData schemaUrl="#渔区网格">
		<SimpleData name="BM_Name"></SimpleData>
	</SchemaData></ExtendedData>
      <Polygon><outerBoundaryIs><LinearRing><coordinates>127.5,34.0 128,34 128.0,33.5 127.5,33.5 127.5,34.0</coordinates></LinearRing></outerBoundaryIs></Polygon>
  </Placemark>
  <Placemark>
	<name></name>
	<Style><LineStyle><color>66ffa000</color><width>1</width></LineStyle><PolyStyle><fill>0</fill></PolyStyle></Style>
	<ExtendedData><SchemaData schemaUrl="#渔区网格">
		<SimpleData name="BM_Name"></SimpleData>
	</SchemaData></ExtendedData>
      <Polygon><outerBoundaryIs><LinearRing><coordinates>127.5,33.5 128.0,33.5 128,33 127.5,33.0 127.5,33.5</coordinates></LinearRing></outerBoundaryIs></Polygon>
  </Placemark>
  <Placemark>
	<name></name>
	<Style><LineStyle><color>66ffa000</color><width>1</width></LineStyle><PolyStyle><fill>0</fill></PolyStyle></Style>
	<ExtendedData><SchemaData schemaUrl="#渔区网格">
		<SimpleData name="BM_Name"></SimpleData>
	</SchemaData></ExtendedData>
      <Polygon><outerBoundaryIs><LinearRing><coordinates>127.5,33.0 128,33 128.0,32.5 127.5,32.5 127.5,33.0</coordinates></LinearRing></outerBoundaryIs></Polygon>
  </Placemark>
  <Placemark>
	<name></name>
	<Style><LineStyle><color>66ffa000</color><width>1</width></LineStyle><PolyStyle><fill>0</fill></PolyStyle></Style>
	<ExtendedData><SchemaData schemaUrl="#渔区网格">
		<SimpleData name="BM_Name"></SimpleData>
	</SchemaData></ExtendedData>
      <Polygon><outerBoundaryIs><LinearRing><coordinates>127.5,32.5 128.0,32.5 128,32 127.5,32.0 127.5,32.5</coordinates></LinearRing></outerBoundaryIs></Polygon>
  </Placemark>
  <Placemark>
	<name></name>
	<Style><LineStyle><color>66ffa000</color><width>1</width></LineStyle><PolyStyle><fill>0</fill></PolyStyle></Style>
	<ExtendedData><SchemaData schemaUrl="#渔区网格">
		<SimpleData name="BM_Name"></SimpleData>
	</SchemaData></ExtendedData>
      <Polygon><outerBoundaryIs><LinearRing><coordinates>127.5,32.0 128,32 128.0,31.5 127.5,31.5 127.5,32.0</coordinates></LinearRing></outerBoundaryIs></Polygon>
  </Placemark>
  <Placemark>
	<name></name>
	<Style><LineStyle><color>66ffa000</color><width>1</width></LineStyle><PolyStyle><fill>0</fill></PolyStyle></Style>
	<ExtendedData><SchemaData schemaUrl="#渔区网格">
		<SimpleData name="BM_Name"></SimpleData>
	</SchemaData></ExtendedData>
      <Polygon><outerBoundaryIs><LinearRing><coordinates>127.5,31.5 128.0,31.5 128,31 127.5,31.0 127.5,31.5</coordinates></LinearRing></outerBoundaryIs></Polygon>
  </Placemark>
  <Placemark>
	<name></name>
	<Style><LineStyle><color>66ffa000</color><width>1</width></LineStyle><PolyStyle><fill>0</fill></PolyStyle></Style>
	<ExtendedData><SchemaData schemaUrl="#渔区网格">
		<SimpleData name="BM_Name"></SimpleData>
	</SchemaData></ExtendedData>
      <Polygon><outerBoundaryIs><LinearRing><coordinates>127.5,31.0 128,31 128.0,30.5 127.5,30.5 127.5,31.0</coordinates></LinearRing></outerBoundaryIs></Polygon>
  </Placemark>
  <Placemark>
	<name></name>
	<Style><LineStyle><color>66ffa000</color><width>1</width></LineStyle><PolyStyle><fill>0</fill></PolyStyle></Style>
	<ExtendedData><SchemaData schemaUrl="#渔区网格">
		<SimpleData name="BM_Name"></SimpleData>
	</SchemaData></ExtendedData>
      <Polygon><outerBoundaryIs><LinearRing><coordinates>127.5,30.5 128.0,30.5 128,30 127.5,30.0 127.5,30.5</coordinates></LinearRing></outerBoundaryIs></Polygon>
  </Placemark>
  <Placemark>
	<name></name>
	<Style><LineStyle><color>66ffa000</color><width>1</width></LineStyle><PolyStyle><fill>0</fill></PolyStyle></Style>
	<ExtendedData><SchemaData schemaUrl="#渔区网格">
		<SimpleData name="BM_Name"></SimpleData>
	</SchemaData></ExtendedData>
      <Polygon><outerBoundaryIs><LinearRing><coordinates>127.5,30.0 128,30 128.0,29.5 127.5,29.5 127.5,30.0</coordinates></LinearRing></outerBoundaryIs></Polygon>
  </Placemark>
  <Placemark>
	<name></name>
	<Style><LineStyle><color>66ffa000</color><width>1</width></LineStyle><PolyStyle><fill>0</fill></PolyStyle></Style>
	<ExtendedData><SchemaData schemaUrl="#渔区网格">
		<SimpleData name="BM_Name"></SimpleData>
	</SchemaData></ExtendedData>
      <Polygon><outerBoundaryIs><LinearRing><coordinates>127.5,29.5 128.0,29.5 128,29 127.5,29.0 127.5,29.5</coordinates></LinearRing></outerBoundaryIs></Polygon>
  </Placemark>
  <Placemark>
	<name></name>
	<Style><LineStyle><color>66ffa000</color><width>1</width></LineStyle><PolyStyle><fill>0</fill></PolyStyle></Style>
	<ExtendedData><SchemaData schemaUrl="#渔区网格">
		<SimpleData name="BM_Name"></SimpleData>
	</SchemaData></ExtendedData>
      <Polygon><outerBoundaryIs><LinearRing><coordinates>127.5,29.0 128,29 128.0,28.5 127.5,28.5 127.5,29.0</coordinates></LinearRing></outerBoundaryIs></Polygon>
  </Placemark>
  <Placemark>
	<name></name>
	<Style><LineStyle><color>66ffa000</color><width>1</width></LineStyle><PolyStyle><fill>0</fill></PolyStyle></Style>
	<ExtendedData><SchemaData schemaUrl="#渔区网格">
		<SimpleData name="BM_Name"></SimpleData>
	</SchemaData></ExtendedData>
      <Polygon><outerBoundaryIs><LinearRing><coordinates>127.5,28.5 128.0,28.5 128,28 127.5,28.0 127.5,28.5</coordinates></LinearRing></outerBoundaryIs></Polygon>
  </Placemark>
  <Placemark>
	<name></name>
	<Style><LineStyle><color>66ffa000</color><width>1</width></LineStyle><PolyStyle><fill>0</fill></PolyStyle></Style>
	<ExtendedData><SchemaData schemaUrl="#渔区网格">
		<SimpleData name="BM_Name"></SimpleData>
	</SchemaData></ExtendedData>
      <Polygon><outerBoundaryIs><LinearRing><coordinates>127.5,28.0 128,28 128.0,27.5 127.5,27.5 127.5,28.0</coordinates></LinearRing></outerBoundaryIs></Polygon>
  </Placemark>
  <Placemark>
	<name></name>
	<Style><LineStyle><color>66ffa000</color><width>1</width></LineStyle><PolyStyle><fill>0</fill></PolyStyle></Style>
	<ExtendedData><SchemaData schemaUrl="#渔区网格">
		<SimpleData name="BM_Name"></SimpleData>
	</SchemaData></ExtendedData>
      <Polygon><outerBoundaryIs><LinearRing><coordinates>127.5,27.5 128.0,27.5 128,27 127.5,27.0 127.5,27.5</coordinates></LinearRing></outerBoundaryIs></Polygon>
  </Placemark>
  <Placemark>
	<name></name>
	<Style><LineStyle><color>66ffa000</color><width>1</width></LineStyle><PolyStyle><fill>0</fill></PolyStyle></Style>
	<ExtendedData><SchemaData schemaUrl="#渔区网格">
		<SimpleData name="BM_Name"></SimpleData>
	</SchemaData></ExtendedData>
      <Polygon><outerBoundaryIs><LinearRing><coordinates>128.0,34.5 128.5,34.5 128.5,34.0 128,34 128.0,34.5</coordinates></LinearRing></outerBoundaryIs></Polygon>
  </Placemark>
  <Placemark>
	<name></name>
	<Style><LineStyle><color>66ffa000</color><width>1</width></LineStyle><PolyStyle><fill>0</fill></PolyStyle></Style>
	<ExtendedData><SchemaData schemaUrl="#渔区网格">
		<SimpleData name="BM_Name"></SimpleData>
	</SchemaData></ExtendedData>
      <Polygon><outerBoundaryIs><LinearRing><coordinates>128,34 128.5,34.0 128.5,33.5 128.0,33.5 128,34</coordinates></LinearRing></outerBoundaryIs></Polygon>
  </Placemark>
  <Placemark>
	<name></name>
	<Style><LineStyle><color>66ffa000</color><width>1</width></LineStyle><PolyStyle><fill>0</fill></PolyStyle></Style>
	<ExtendedData><SchemaData schemaUrl="#渔区网格">
		<SimpleData name="BM_Name"></SimpleData>
	</SchemaData></ExtendedData>
      <Polygon><outerBoundaryIs><LinearRing><coordinates>128.0,33.5 128.5,33.5 128.5,33.0 128,33 128.0,33.5</coordinates></LinearRing></outerBoundaryIs></Polygon>
  </Placemark>
  <Placemark>
	<name></name>
	<Style><LineStyle><color>66ffa000</color><width>1</width></LineStyle><PolyStyle><fill>0</fill></PolyStyle></Style>
	<ExtendedData><SchemaData schemaUrl="#渔区网格">
		<SimpleData name="BM_Name"></SimpleData>
	</SchemaData></ExtendedData>
      <Polygon><outerBoundaryIs><LinearRing><coordinates>128,33 128.5,33.0 128.5,32.5 128.0,32.5 128,33</coordinates></LinearRing></outerBoundaryIs></Polygon>
  </Placemark>
  <Placemark>
	<name></name>
	<Style><LineStyle><color>66ffa000</color><width>1</width></LineStyle><PolyStyle><fill>0</fill></PolyStyle></Style>
	<ExtendedData><SchemaData schemaUrl="#渔区网格">
		<SimpleData name="BM_Name"></SimpleData>
	</SchemaData></ExtendedData>
      <Polygon><outerBoundaryIs><LinearRing><coordinates>128.0,32.5 128.5,32.5 128.5,32.0 128,32 128.0,32.5</coordinates></LinearRing></outerBoundaryIs></Polygon>
  </Placemark>
  <Placemark>
	<name></name>
	<Style><LineStyle><color>66ffa000</color><width>1</width></LineStyle><PolyStyle><fill>0</fill></PolyStyle></Style>
	<ExtendedData><SchemaData schemaUrl="#渔区网格">
		<SimpleData name="BM_Name"></SimpleData>
	</SchemaData></ExtendedData>
      <Polygon><outerBoundaryIs><LinearRing><coordinates>128,32 128.5,32.0 128.5,31.5 128.0,31.5 128,32</coordinates></LinearRing></outerBoundaryIs></Polygon>
  </Placemark>
  <Placemark>
	<name></name>
	<Style><LineStyle><color>66ffa000</color><width>1</width></LineStyle><PolyStyle><fill>0</fill></PolyStyle></Style>
	<ExtendedData><SchemaData schemaUrl="#渔区网格">
		<SimpleData name="BM_Name"></SimpleData>
	</SchemaData></ExtendedData>
      <Polygon><outerBoundaryIs><LinearRing><coordinates>128.0,31.5 128.5,31.5 128.5,31.0 128,31 128.0,31.5</coordinates></LinearRing></outerBoundaryIs></Polygon>
  </Placemark>
  <Placemark>
	<name></name>
	<Style><LineStyle><color>66ffa000</color><width>1</width></LineStyle><PolyStyle><fill>0</fill></PolyStyle></Style>
	<ExtendedData><SchemaData schemaUrl="#渔区网格">
		<SimpleData name="BM_Name"></SimpleData>
	</SchemaData></ExtendedData>
      <Polygon><outerBoundaryIs><LinearRing><coordinates>128,31 128.5,31.0 128.5,30.5 128.0,30.5 128,31</coordinates></LinearRing></outerBoundaryIs></Polygon>
  </Placemark>
  <Placemark>
	<name></name>
	<Style><LineStyle><color>66ffa000</color><width>1</width></LineStyle><PolyStyle><fill>0</fill></PolyStyle></Style>
	<ExtendedData><SchemaData schemaUrl="#渔区网格">
		<SimpleData name="BM_Name"></SimpleData>
	</SchemaData></ExtendedData>
      <Polygon><outerBoundaryIs><LinearRing><coordinates>128.0,30.5 128.5,30.5 128.5,30.0 128,30 128.0,30.5</coordinates></LinearRing></outerBoundaryIs></Polygon>
  </Placemark>
  <Placemark>
	<name></name>
	<Style><LineStyle><color>66ffa000</color><width>1</width></LineStyle><PolyStyle><fill>0</fill></PolyStyle></Style>
	<ExtendedData><SchemaData schemaUrl="#渔区网格">
		<SimpleData name="BM_Name"></SimpleData>
	</SchemaData></ExtendedData>
      <Polygon><outerBoundaryIs><LinearRing><coordinates>128,30 128.5,30.0 128.5,29.5 128.0,29.5 128,30</coordinates></LinearRing></outerBoundaryIs></Polygon>
  </Placemark>
  <Placemark>
	<name></name>
	<Style><LineStyle><color>66ffa000</color><width>1</width></LineStyle><PolyStyle><fill>0</fill></PolyStyle></Style>
	<ExtendedData><SchemaData schemaUrl="#渔区网格">
		<SimpleData name="BM_Name"></SimpleData>
	</SchemaData></ExtendedData>
      <Polygon><outerBoundaryIs><LinearRing><coordinates>128.0,29.5 128.5,29.5 128.5,29.0 128,29 128.0,29.5</coordinates></LinearRing></outerBoundaryIs></Polygon>
  </Placemark>
  <Placemark>
	<name></name>
	<Style><LineStyle><color>66ffa000</color><width>1</width></LineStyle><PolyStyle><fill>0</fill></PolyStyle></Style>
	<ExtendedData><SchemaData schemaUrl="#渔区网格">
		<SimpleData name="BM_Name"></SimpleData>
	</SchemaData></ExtendedData>
      <Polygon><outerBoundaryIs><LinearRing><coordinates>128,29 128.5,29.0 128.5,28.5 128.0,28.5 128,29</coordinates></LinearRing></outerBoundaryIs></Polygon>
  </Placemark>
  <Placemark>
	<name></name>
	<Style><LineStyle><color>66ffa000</color><width>1</width></LineStyle><PolyStyle><fill>0</fill></PolyStyle></Style>
	<ExtendedData><SchemaData schemaUrl="#渔区网格">
		<SimpleData name="BM_Name"></SimpleData>
	</SchemaData></ExtendedData>
      <Polygon><outerBoundaryIs><LinearRing><coordinates>128.0,28.5 128.5,28.5 128.5,28.0 128,28 128.0,28.5</coordinates></LinearRing></outerBoundaryIs></Polygon>
  </Placemark>
  <Placemark>
	<name></name>
	<Style><LineStyle><color>66ffa000</color><width>1</width></LineStyle><PolyStyle><fill>0</fill></PolyStyle></Style>
	<ExtendedData><SchemaData schemaUrl="#渔区网格">
		<SimpleData name="BM_Name"></SimpleData>
	</SchemaData></ExtendedData>
      <Polygon><outerBoundaryIs><LinearRing><coordinates>128,28 128.5,28.0 128.5,27.5 128.0,27.5 128,28</coordinates></LinearRing></outerBoundaryIs></Polygon>
  </Placemark>
  <Placemark>
	<name></name>
	<Style><LineStyle><color>66ffa000</color><width>1</width></LineStyle><PolyStyle><fill>0</fill></PolyStyle></Style>
	<ExtendedData><SchemaData schemaUrl="#渔区网格">
		<SimpleData name="BM_Name"></SimpleData>
	</SchemaData></ExtendedData>
      <Polygon><outerBoundaryIs><LinearRing><coordinates>128.5,34.5 129.0,34.5 129,34 128.5,34.0 128.5,34.5</coordinates></LinearRing></outerBoundaryIs></Polygon>
  </Placemark>
  <Placemark>
	<name></name>
	<Style><LineStyle><color>66ffa000</color><width>1</width></LineStyle><PolyStyle><fill>0</fill></PolyStyle></Style>
	<ExtendedData><SchemaData schemaUrl="#渔区网格">
		<SimpleData name="BM_Name"></SimpleData>
	</SchemaData></ExtendedData>
      <Polygon><outerBoundaryIs><LinearRing><coordinates>128.5,34.0 129,34 129.0,33.5 128.5,33.5 128.5,34.0</coordinates></LinearRing></outerBoundaryIs></Polygon>
  </Placemark>
  <Placemark>
	<name></name>
	<Style><LineStyle><color>66ffa000</color><width>1</width></LineStyle><PolyStyle><fill>0</fill></PolyStyle></Style>
	<ExtendedData><SchemaData schemaUrl="#渔区网格">
		<SimpleData name="BM_Name"></SimpleData>
	</SchemaData></ExtendedData>
      <Polygon><outerBoundaryIs><LinearRing><coordinates>128.5,33.5 129.0,33.5 129,33 128.5,33.0 128.5,33.5</coordinates></LinearRing></outerBoundaryIs></Polygon>
  </Placemark>
  <Placemark>
	<name></name>
	<Style><LineStyle><color>66ffa000</color><width>1</width></LineStyle><PolyStyle><fill>0</fill></PolyStyle></Style>
	<ExtendedData><SchemaData schemaUrl="#渔区网格">
		<SimpleData name="BM_Name"></SimpleData>
	</SchemaData></ExtendedData>
      <Polygon><outerBoundaryIs><LinearRing><coordinates>128.5,32.5 129.0,32.5 129,32 128.5,32.0 128.5,32.5</coordinates></LinearRing></outerBoundaryIs></Polygon>
  </Placemark>
  <Placemark>
	<name></name>
	<Style><LineStyle><color>66ffa000</color><width>1</width></LineStyle><PolyStyle><fill>0</fill></PolyStyle></Style>
	<ExtendedData><SchemaData schemaUrl="#渔区网格">
		<SimpleData name="BM_Name"></SimpleData>
	</SchemaData></ExtendedData>
      <Polygon><outerBoundaryIs><LinearRing><coordinates>128.5,32.0 129,32 129.0,31.5 128.5,31.5 128.5,32.0</coordinates></LinearRing></outerBoundaryIs></Polygon>
  </Placemark>
  <Placemark>
	<name></name>
	<Style><LineStyle><color>66ffa000</color><width>1</width></LineStyle><PolyStyle><fill>0</fill></PolyStyle></Style>
	<ExtendedData><SchemaData schemaUrl="#渔区网格">
		<SimpleData name="BM_Name"></SimpleData>
	</SchemaData></ExtendedData>
      <Polygon><outerBoundaryIs><LinearRing><coordinates>128.5,31.5 129.0,31.5 129,31 128.5,31.0 128.5,31.5</coordinates></LinearRing></outerBoundaryIs></Polygon>
  </Placemark>
  <Placemark>
	<name></name>
	<Style><LineStyle><color>66ffa000</color><width>1</width></LineStyle><PolyStyle><fill>0</fill></PolyStyle></Style>
	<ExtendedData><SchemaData schemaUrl="#渔区网格">
		<SimpleData name="BM_Name"></SimpleData>
	</SchemaData></ExtendedData>
      <Polygon><outerBoundaryIs><LinearRing><coordinates>128.5,31.0 129,31 129.0,30.5 128.5,30.5 128.5,31.0</coordinates></LinearRing></outerBoundaryIs></Polygon>
  </Placemark>
  <Placemark>
	<name></name>
	<Style><LineStyle><color>66ffa000</color><width>1</width></LineStyle><PolyStyle><fill>0</fill></PolyStyle></Style>
	<ExtendedData><SchemaData schemaUrl="#渔区网格">
		<SimpleData name="BM_Name"></SimpleData>
	</SchemaData></ExtendedData>
      <Polygon><outerBoundaryIs><LinearRing><coordinates>128.5,30.5 129.0,30.5 129,30 128.5,30.0 128.5,30.5</coordinates></LinearRing></outerBoundaryIs></Polygon>
  </Placemark>
  <Placemark>
	<name></name>
	<Style><LineStyle><color>66ffa000</color><width>1</width></LineStyle><PolyStyle><fill>0</fill></PolyStyle></Style>
	<ExtendedData><SchemaData schemaUrl="#渔区网格">
		<SimpleData name="BM_Name"></SimpleData>
	</SchemaData></ExtendedData>
      <Polygon><outerBoundaryIs><LinearRing><coordinates>128.5,30.0 129,30 129.0,29.5 128.5,29.5 128.5,30.0</coordinates></LinearRing></outerBoundaryIs></Polygon>
  </Placemark>
  <Placemark>
	<name></name>
	<Style><LineStyle><color>66ffa000</color><width>1</width></LineStyle><PolyStyle><fill>0</fill></PolyStyle></Style>
	<ExtendedData><SchemaData schemaUrl="#渔区网格">
		<SimpleData name="BM_Name"></SimpleData>
	</SchemaData></ExtendedData>
      <Polygon><outerBoundaryIs><LinearRing><coordinates>128.5,29.5 129.0,29.5 129,29 128.5,29.0 128.5,29.5</coordinates></LinearRing></outerBoundaryIs></Polygon>
  </Placemark>
  <Placemark>
	<name></name>
	<Style><LineStyle><color>66ffa000</color><width>1</width></LineStyle><PolyStyle><fill>0</fill></PolyStyle></Style>
	<ExtendedData><SchemaData schemaUrl="#渔区网格">
		<SimpleData name="BM_Name"></SimpleData>
	</SchemaData></ExtendedData>
      <Polygon><outerBoundaryIs><LinearRing><coordinates>128.5,29.0 129,29 129.0,28.5 128.5,28.5 128.5,29.0</coordinates></LinearRing></outerBoundaryIs></Polygon>
  </Placemark>
  <Placemark>
	<name></name>
	<Style><LineStyle><color>66ffa000</color><width>1</width></LineStyle><PolyStyle><fill>0</fill></PolyStyle></Style>
	<ExtendedData><SchemaData schemaUrl="#渔区网格">
		<SimpleData name="BM_Name"></SimpleData>
	</SchemaData></ExtendedData>
      <Polygon><outerBoundaryIs><LinearRing><coordinates>128.5,28.5 129.0,28.5 129,28 128.5,28.0 128.5,28.5</coordinates></LinearRing></outerBoundaryIs></Polygon>
  </Placemark>
  <Placemark>
	<name></name>
	<Style><LineStyle><color>66ffa000</color><width>1</width></LineStyle><PolyStyle><fill>0</fill></PolyStyle></Style>
	<ExtendedData><SchemaData schemaUrl="#渔区网格">
		<SimpleData name="BM_Name"></SimpleData>
	</SchemaData></ExtendedData>
      <Polygon><outerBoundaryIs><LinearRing><coordinates>129,35 129.5,35.0 129.5,34.5 129.0,34.5 129,35</coordinates></LinearRing></outerBoundaryIs></Polygon>
  </Placemark>
  <Placemark>
	<name></name>
	<Style><LineStyle><color>66ffa000</color><width>1</width></LineStyle><PolyStyle><fill>0</fill></PolyStyle></Style>
	<ExtendedData><SchemaData schemaUrl="#渔区网格">
		<SimpleData name="BM_Name"></SimpleData>
	</SchemaData></ExtendedData>
      <Polygon><outerBoundaryIs><LinearRing><coordinates>129.0,34.5 129.5,34.5 129.5,34.0 129,34 129.0,34.5</coordinates></LinearRing></outerBoundaryIs></Polygon>
  </Placemark>
  <Placemark>
	<name></name>
	<Style><LineStyle><color>66ffa000</color><width>1</width></LineStyle><PolyStyle><fill>0</fill></PolyStyle></Style>
	<ExtendedData><SchemaData schemaUrl="#渔区网格">
		<SimpleData name="BM_Name"></SimpleData>
	</SchemaData></ExtendedData>
      <Polygon><outerBoundaryIs><LinearRing><coordinates>129,34 129.5,34.0 129.5,33.5 129.0,33.5 129,34</coordinates></LinearRing></outerBoundaryIs></Polygon>
  </Placemark>
  <Placemark>
	<name></name>
	<Style><LineStyle><color>66ffa000</color><width>1</width></LineStyle><PolyStyle><fill>0</fill></PolyStyle></Style>
	<ExtendedData><SchemaData schemaUrl="#渔区网格">
		<SimpleData name="BM_Name"></SimpleData>
	</SchemaData></ExtendedData>
      <Polygon><outerBoundaryIs><LinearRing><coordinates>129.0,32.5 129.5,32.5 129.5,32.0 129,32 129.0,32.5</coordinates></LinearRing></outerBoundaryIs></Polygon>
  </Placemark>
  <Placemark>
	<name></name>
	<Style><LineStyle><color>66ffa000</color><width>1</width></LineStyle><PolyStyle><fill>0</fill></PolyStyle></Style>
	<ExtendedData><SchemaData schemaUrl="#渔区网格">
		<SimpleData name="BM_Name"></SimpleData>
	</SchemaData></ExtendedData>
      <Polygon><outerBoundaryIs><LinearRing><coordinates>129,32 129.5,32.0 129.5,31.5 129.0,31.5 129,32</coordinates></LinearRing></outerBoundaryIs></Polygon>
  </Placemark>
  <Placemark>
	<name></name>
	<Style><LineStyle><color>66ffa000</color><width>1</width></LineStyle><PolyStyle><fill>0</fill></PolyStyle></Style>
	<ExtendedData><SchemaData schemaUrl="#渔区网格">
		<SimpleData name="BM_Name"></SimpleData>
	</SchemaData></ExtendedData>
      <Polygon><outerBoundaryIs><LinearRing><coordinates>129.0,31.5 129.5,31.5 129.5,31.0 129,31 129.0,31.5</coordinates></LinearRing></outerBoundaryIs></Polygon>
  </Placemark>
  <Placemark>
	<name></name>
	<Style><LineStyle><color>66ffa000</color><width>1</width></LineStyle><PolyStyle><fill>0</fill></PolyStyle></Style>
	<ExtendedData><SchemaData schemaUrl="#渔区网格">
		<SimpleData name="BM_Name"></SimpleData>
	</SchemaData></ExtendedData>
      <Polygon><outerBoundaryIs><LinearRing><coordinates>129,31 129.5,31.0 129.5,30.5 129.0,30.5 129,31</coordinates></LinearRing></outerBoundaryIs></Polygon>
  </Placemark>
  <Placemark>
	<name></name>
	<Style><LineStyle><color>66ffa000</color><width>1</width></LineStyle><PolyStyle><fill>0</fill></PolyStyle></Style>
	<ExtendedData><SchemaData schemaUrl="#渔区网格">
		<SimpleData name="BM_Name"></SimpleData>
	</SchemaData></ExtendedData>
      <Polygon><outerBoundaryIs><LinearRing><coordinates>129.0,30.5 129.5,30.5 129.5,30.0 129,30 129.0,30.5</coordinates></LinearRing></outerBoundaryIs></Polygon>
  </Placemark>
  <Placemark>
	<name></name>
	<Style><LineStyle><color>66ffa000</color><width>1</width></LineStyle><PolyStyle><fill>0</fill></PolyStyle></Style>
	<ExtendedData><SchemaData schemaUrl="#渔区网格">
		<SimpleData name="BM_Name"></SimpleData>
	</SchemaData></ExtendedData>
      <Polygon><outerBoundaryIs><LinearRing><coordinates>129,30 129.5,30.0 129.5,29.5 129.0,29.5 129,30</coordinates></LinearRing></outerBoundaryIs></Polygon>
  </Placemark>
  <Placemark>
	<name></name>
	<Style><LineStyle><color>66ffa000</color><width>1</width></LineStyle><PolyStyle><fill>0</fill></PolyStyle></Style>
	<ExtendedData><SchemaData schemaUrl="#渔区网格">
		<SimpleData name="BM_Name"></SimpleData>
	</SchemaData></ExtendedData>
      <Polygon><outerBoundaryIs><LinearRing><coordinates>129.5,35.5 130.0,35.5 130,35 129.5,35.0 129.5,35.5</coordinates></LinearRing></outerBoundaryIs></Polygon>
  </Placemark>
  <Placemark>
	<name></name>
	<Style><LineStyle><color>66ffa000</color><width>1</width></LineStyle><PolyStyle><fill>0</fill></PolyStyle></Style>
	<ExtendedData><SchemaData schemaUrl="#渔区网格">
		<SimpleData name="BM_Name"></SimpleData>
	</SchemaData></ExtendedData>
      <Polygon><outerBoundaryIs><LinearRing><coordinates>129.5,35.0 130,35 130.0,34.5 129.5,34.5 129.5,35.0</coordinates></LinearRing></outerBoundaryIs></Polygon>
  </Placemark>
  <Placemark>
	<name></name>
	<Style><LineStyle><color>66ffa000</color><width>1</width></LineStyle><PolyStyle><fill>0</fill></PolyStyle></Style>
	<ExtendedData><SchemaData schemaUrl="#渔区网格">
		<SimpleData name="BM_Name"></SimpleData>
	</SchemaData></ExtendedData>
      <Polygon><outerBoundaryIs><LinearRing><coordinates>129.5,34.5 130.0,34.5 130,34 129.5,34.0 129.5,34.5</coordinates></LinearRing></outerBoundaryIs></Polygon>
  </Placemark>
  <Placemark>
	<name></name>
	<Style><LineStyle><color>66ffa000</color><width>1</width></LineStyle><PolyStyle><fill>0</fill></PolyStyle></Style>
	<ExtendedData><SchemaData schemaUrl="#渔区网格">
		<SimpleData name="BM_Name"></SimpleData>
	</SchemaData></ExtendedData>
      <Polygon><outerBoundaryIs><LinearRing><coordinates>130.0,35.5 130.5,35.5 130.5,35.0 130,35 130.0,35.5</coordinates></LinearRing></outerBoundaryIs></Polygon>
  </Placemark>
  <Placemark>
	<name></name>
	<Style><LineStyle><color>66ffa000</color><width>1</width></LineStyle><PolyStyle><fill>0</fill></PolyStyle></Style>
	<ExtendedData><SchemaData schemaUrl="#渔区网格">
		<SimpleData name="BM_Name"></SimpleData>
	</SchemaData></ExtendedData>
      <Polygon><outerBoundaryIs><LinearRing><coordinates>130,35 130.5,35.0 130.5,34.5 130.0,34.5 130,35</coordinates></LinearRing></outerBoundaryIs></Polygon>
  </Placemark>
  <Placemark>
	<name></name>
	<Style><LineStyle><color>66ffa000</color><width>1</width></LineStyle><PolyStyle><fill>0</fill></PolyStyle></Style>
	<ExtendedData><SchemaData schemaUrl="#渔区网格">
		<SimpleData name="BM_Name"></SimpleData>
	</SchemaData></ExtendedData>
      <Polygon><outerBoundaryIs><LinearRing><coordinates>130.0,34.5 130.5,34.5 130.5,34.0 130,34 130.0,34.5</coordinates></LinearRing></outerBoundaryIs></Polygon>
  </Placemark>
  <Placemark>
	<name></name>
	<Style><LineStyle><color>66ffa000</color><width>1</width></LineStyle><PolyStyle><fill>0</fill></PolyStyle></Style>
	<ExtendedData><SchemaData schemaUrl="#渔区网格">
		<SimpleData name="BM_Name"></SimpleData>
	</SchemaData></ExtendedData>
      <Polygon><outerBoundaryIs><LinearRing><coordinates>130.5,35.5 131.0,35.5 131,35 130.5,35.0 130.5,35.5</coordinates></LinearRing></outerBoundaryIs></Polygon>
  </Placemark>
  <Placemark>
	<name></name>
	<Style><LineStyle><color>66ffa000</color><width>1</width></LineStyle><PolyStyle><fill>0</fill></PolyStyle></Style>
	<ExtendedData><SchemaData schemaUrl="#渔区网格">
		<SimpleData name="BM_Name"></SimpleData>
	</SchemaData></ExtendedData>
      <Polygon><outerBoundaryIs><LinearRing><coordinates>130.5,35.0 131,35 131.0,34.5 130.5,34.5 130.5,35.0</coordinates></LinearRing></outerBoundaryIs></Polygon>
  </Placemark>
  <Placemark>
	<name></name>
	<Style><LineStyle><color>66ffa000</color><width>1</width></LineStyle><PolyStyle><fill>0</fill></PolyStyle></Style>
	<ExtendedData><SchemaData schemaUrl="#渔区网格">
		<SimpleData name="BM_Name"></SimpleData>
	</SchemaData></ExtendedData>
      <Polygon><outerBoundaryIs><LinearRing><coordinates>121.5,25.0 122,25 122.0,24.5 121.5,24.5 121.5,25.0</coordinates></LinearRing></outerBoundaryIs></Polygon>
  </Placemark>
  <Placemark>
	<name></name>
	<Style><LineStyle><color>66ffa000</color><width>1</width></LineStyle><PolyStyle><fill>0</fill></PolyStyle></Style>
	<ExtendedData><SchemaData schemaUrl="#渔区网格">
		<SimpleData name="BM_Name"></SimpleData>
	</SchemaData></ExtendedData>
      <Polygon><outerBoundaryIs><LinearRing><coordinates>124.0,39.5 124.5,39.5 124.5,39.0 124,39 124.0,39.5</coordinates></LinearRing></outerBoundaryIs></Polygon>
  </Placemark>
  <Placemark>
	<name>韩特定禁区</name>
	<Style><LineStyle><color>ff0000ff</color><width>1.13386</width></LineStyle><PolyStyle><color>7f3535b5</color></PolyStyle></Style>
	<ExtendedData><SchemaData schemaUrl="#渔区网格">
		<SimpleData name="BM_Name"></SimpleData>
	</SchemaData></ExtendedData>
      <Polygon><outerBoundaryIs><LinearRing><coordinates>131.0,38.5 131.5,38.5 132.0,38.5 132.5,38.5 133.0,38.5 133,38 133.0,37.5 132.5,37.5 132.0,37.5 131.5,37.5 131.0,37.5 130.5,37.5 130.0,37.5 130,38 129.5,38.0 129,38 128.5,38.0 128.5,38.5 129.0,38.5 129.5,38.5 130.0,38.5 130.5,38.5 131.0,38.5</coordinates></LinearRing></outerBoundaryIs></Polygon>
  </Placemark>
  <Placemark>
	<name></name>
	<Style><LineStyle><color>66ffa000</color><width>1</width></LineStyle><PolyStyle><fill>0</fill></PolyStyle></Style>
	<ExtendedData><SchemaData schemaUrl="#渔区网格">
		<SimpleData name="BM_Name"></SimpleData>
	</SchemaData></ExtendedData>
      <Polygon><outerBoundaryIs><LinearRing><coordinates>125.0,36.5 125.5,36.5 125.5,36.0 125,36 125.0,36.5</coordinates></LinearRing></outerBoundaryIs></Polygon>
  </Placemark>
  <Placemark>
	<name></name>
	<Style><LineStyle><color>66ffa000</color><width>1</width></LineStyle><PolyStyle><fill>0</fill></PolyStyle></Style>
	<ExtendedData><SchemaData schemaUrl="#渔区网格">
		<SimpleData name="BM_Name"></SimpleData>
	</SchemaData></ExtendedData>
      <Polygon><outerBoundaryIs><LinearRing><coordinates>125,37 125.5,37.0 125.5,36.5 125.0,36.5 125,37</coordinates></LinearRing></outerBoundaryIs></Polygon>
  </Placemark>
</Folder>
</Document></kml>
